pair_index,refseq_A,refseq_B,strand_A,strand_B,gene_A_start,gene_A_end,gene_B_start,gene_B_end,intergenic_distance,label,region_start,region_end,n_genes_between
4,NP_414548.1,NP_414549.1,-1,1,6528,7959,8237,9191,2663,0,9191,6528,0
10,NP_414554.1,NP_414555.1,-1,1,11381,11786,12162,14079,2698,0,14079,11381,0
12,NP_414556.1,NP_416895.2,1,1,14167,15298,2514330,2515443,2499032,0,15298,2514330,2347
13,NP_416895.2,NP_414559.1,1,-1,2514330,2515443,16750,16960,2498693,0,2515443,16750,0
17,NP_414561.1,YP_009518739.1,1,-1,18714,19620,257922,258426,238302,0,19620,257922,212
19,YP_009518740.1,NP_414564.1,-1,-1,258344,258620,20814,21078,237266,0,21078,258344,210
33,NP_414578.2,NP_414579.4,-1,-1,35376,36162,36270,37824,2448,1,37824,35376,0
34,NP_414579.4,NP_414580.1,-1,-1,36270,37824,37897,39115,2845,1,39115,36270,0
35,NP_414580.1,NP_414581.1,-1,-1,37897,39115,39243,40386,2489,1,40386,37897,0
36,NP_414581.1,NP_414582.1,-1,-1,39243,40386,40416,41931,2688,1,41931,39243,0
37,NP_414582.1,NP_414583.2,-1,1,40416,41931,42402,43173,2757,0,43173,40416,0
49,NP_414594.1,NP_414595.1,-1,-1,52426,53416,53415,54702,2276,1,54702,52426,0
50,NP_414595.1,NP_414596.1,-1,-1,53415,54702,54754,57109,3694,1,57109,53415,0
51,NP_414596.1,NP_414597.1,-1,1,54754,57109,57363,58179,3425,0,58179,54754,0
55,NP_414600.1,NP_414601.1,-1,-1,59686,60346,60357,63264,3578,1,63264,59686,0
56,NP_414601.1,NP_414602.1,-1,-1,60357,63264,63428,65780,5423,0,65780,60357,0
57,NP_414602.1,NP_414603.1,-1,-1,63428,65780,65854,66550,3122,0,66550,63428,0
58,NP_414603.1,NP_414604.1,-1,-1,65854,66550,66834,68337,2483,1,68337,65854,0
59,NP_414604.1,NP_414605.1,-1,-1,66834,68337,68347,70048,3214,1,70048,66834,0
60,NP_414605.1,NP_414606.1,-1,1,68347,70048,70386,71265,2918,0,71265,68347,0
63,NP_414608.1,NP_414609.1,-1,-1,72228,72927,72910,74521,2293,1,74521,72228,0
64,NP_414609.1,NP_414610.1,-1,-1,72910,74521,74496,75480,2570,1,75480,72910,0
65,NP_414610.1,NP_414611.1,-1,-1,74496,75480,75643,77299,2803,1,77299,74496,0
69,NP_414613.1,NP_414614.1,-1,-1,78847,79453,79463,80864,2017,1,80864,78847,0
70,NP_414614.1,NP_414615.4,-1,-1,79463,80864,80866,81958,2495,1,81958,79463,0
71,NP_414615.4,NP_414616.1,-1,-1,80866,81958,81957,83529,2663,1,83529,80866,0
103,NP_414648.1,NP_414649.1,-1,-1,114521,115724,115713,117099,2578,1,117099,114521,0
109,NP_414654.1,NP_414655.1,-1,1,120177,121551,122091,122856,2679,0,122856,120177,0
114,NP_414659.1,NP_414660.1,-1,1,129406,131260,131614,134212,4806,0,134212,129406,0
119,NP_414664.4,NP_414665.1,-1,1,136569,136917,137082,138633,2064,0,138633,136569,0
121,NP_414666.1,NP_414667.4,-1,1,138834,141225,141430,141967,3133,0,141967,138834,0
131,NP_414676.1,NP_414677.1,-1,-1,148806,149601,149714,150953,2147,0,150953,148806,0
135,NP_414680.4,NP_414681.1,-1,-1,152242,152812,152828,155426,3184,0,155426,152242,0
136,NP_414681.1,NP_414682.1,-1,-1,152828,155426,155460,156201,3373,1,156201,152828,0
140,NP_414685.4,NP_414686.3,-1,-1,157728,159126,159185,160112,2384,0,160112,157728,0
144,NP_414689.4,NP_414690.4,-1,1,161500,162031,162104,164534,3034,0,164534,161500,0
146,NP_414691.1,YP_010051172.1,1,1,164729,167264,164864,167264,2400,0,167264,164864,0
159,NP_414701.1,NP_414702.1,-1,1,178454,179153,179236,180754,2300,0,180754,178454,0
165,NP_414708.1,NP_414709.1,-1,-1,185122,185947,185977,188650,3528,1,188650,185122,0
166,NP_414709.1,NP_414710.1,-1,-1,185977,188650,188711,189506,3529,1,189506,185977,0
193,NP_414735.4,NP_414736.1,-1,-1,216178,217003,217056,218775,2597,0,218775,216178,0
194,NP_414736.1,NP_414737.1,-1,-1,217056,218775,218886,219594,2538,0,219594,217056,0
200,NP_414742.1,NP_414743.1,1,1,222832,223408,229166,229970,5758,0,223408,229166,0
205,NP_414747.1,NP_414748.1,-1,-1,232596,233955,234026,234782,2186,0,234782,232596,0
215,NP_414756.2,NP_414757.1,-1,1,240858,243303,243542,244121,3263,0,244121,240858,0
222,NP_414763.1,NP_414766.1,1,1,247636,248134,250897,251953,2763,0,248134,250897,0
227,NP_414772.1,NP_414773.1,-1,1,254258,255716,255976,256435,2177,0,256435,254258,0
231,NP_414776.1,NP_414777.1,-1,1,259044,260100,260387,261491,2447,0,261491,259044,0
243,NP_414787.4,NP_414788.1,-1,-1,268096,268960,269288,270182,2086,0,270182,268096,0
245,YP_009518741.1,YP_009518770.2,1,1,272846,273992,1396111,1397092,1122119,0,273992,1396111,1060
246,YP_009518770.2,NP_414794.4,1,1,1396111,1397092,275324,276728,1121768,0,1397092,275324,0
249,NP_414796.2,NP_414808.1,-1,-1,277755,278802,290648,291152,13397,1,291152,277755,0
250,NP_414808.1,YP_588445.1,-1,1,290648,291152,1049832,1050108,759460,1,1050108,290648,0
251,YP_588445.1,YP_009518742.1,1,-1,1049832,1050108,280384,280735,769724,0,1050108,280384,0
253,NP_414801.1,NP_414802.2,-1,1,280828,281983,282277,283186,2358,0,283186,280828,0
262,NP_414808.1,YP_588445.1,-1,1,290648,291152,1049832,1050108,759460,1,1050108,290648,0
263,YP_588445.1,YP_009518744.1,1,1,1049832,1050108,291499,292231,758609,0,1050108,291499,0
270,NP_414815.1,YP_009518746.1,-1,-1,295695,297096,297380,297791,2096,0,297791,295695,0
272,NP_414817.1,NP_414818.1,-1,-1,297769,298726,298735,300934,3165,1,300934,297769,0
273,NP_414818.1,NP_414819.1,-1,-1,298735,300934,300930,301887,3152,1,301887,298735,0
278,NP_414823.2,NP_414824.1,-1,-1,304494,305205,305173,306817,2323,1,306817,304494,0
279,NP_414824.1,NP_414825.1,-1,-1,305173,306817,306806,309332,4159,1,309332,305173,0
280,NP_414825.1,NP_414826.1,-1,-1,306806,309332,309357,310026,3220,1,310026,306806,0
287,YP_002791238.1,NP_416592.2,-1,1,313140,313242,2170235,2170535,1857395,0,2170535,313140,0
289,NP_416593.1,NP_414835.2,1,-1,2170531,2171398,317725,318319,1853673,0,2171398,317725,0
292,NP_414838.2,NP_414839.1,-1,1,318675,320001,320226,321081,2406,0,321081,318675,0
297,NP_414844.1,NP_414845.1,-1,-1,324695,325364,325576,327247,2552,0,327247,324695,0
298,NP_414845.1,NP_414846.1,-1,-1,325576,327247,327260,328733,3157,1,328733,325576,0
299,NP_414846.1,NP_414847.3,-1,-1,327260,328733,328746,329334,2074,1,329334,327260,0
300,NP_414847.3,NP_414848.1,-1,1,328746,329334,329462,331496,2750,0,331496,328746,0
318,NP_414864.1,NP_414865.1,-1,1,346856,348443,348681,349572,2716,0,349572,346856,0
330,NP_414877.1,NP_414878.1,-1,-1,361925,363179,363230,366305,4380,1,366305,361925,0
331,NP_414878.1,NP_414879.3,-1,-1,363230,366305,366427,367510,4280,0,367510,363230,0
333,NP_414880.2,NP_414881.1,-1,1,367586,368420,368610,370275,2689,0,370275,367586,0
342,NP_414889.1,NP_414890.1,-1,-1,377534,378368,378461,379571,2037,1,379571,377534,0
345,YP_026163.2,NP_418693.1,-1,1,2069814,2070180,4498594,4499500,2429686,1,4499500,2069814,0
346,NP_418693.1,NP_414897.1,1,-1,4498594,4499500,382738,383935,4116762,0,4499500,382738,0
349,NP_414898.4,NP_414899.2,-1,1,384058,384616,385231,386194,2136,0,386194,384058,0
354,YP_010051175.1,NP_416593.1,-1,1,391591,391648,2170531,2171398,1779807,0,2171398,391591,0
356,NP_416592.2,NP_414909.2,1,1,2170235,2170535,394505,395129,1776030,0,2170535,394505,0
358,NP_414910.1,NP_414911.1,-1,1,395129,396287,396638,397859,2730,0,397859,395129,0
377,NP_414930.3,NP_414931.1,-1,-1,411296,412481,412606,415753,4457,0,415753,411296,0
378,NP_414931.1,NP_414932.1,-1,-1,412606,415753,415749,416952,4346,1,416952,412606,0
379,NP_414932.1,NP_414933.1,-1,1,415749,416952,417141,417831,2082,0,417831,415749,0
400,NP_414953.2,NP_414954.1,-1,-1,437160,438135,438314,440177,3017,1,440177,437160,0
401,NP_414954.1,NP_414955.1,-1,-1,438314,440177,440201,441101,2787,1,441101,438314,0
408,NP_414961.4,NP_414962.1,-1,-1,445301,446666,446814,447705,2404,0,447705,445301,0
411,NP_414964.1,NP_414965.1,-1,-1,448045,448660,448649,450641,2596,1,450641,448045,0
412,NP_414965.1,NP_414966.1,-1,-1,448649,450641,450662,451610,2961,1,451610,448649,0
413,NP_414966.1,NP_414967.1,-1,-1,450662,451610,452069,453545,2883,0,453545,450662,0
414,NP_414967.1,NP_414968.4,-1,-1,452069,453545,453588,454167,2098,1,454167,452069,0
425,NP_414978.1,NP_414979.1,-1,-1,464851,465547,465611,467312,2461,0,467312,464851,0
426,NP_414979.1,NP_414980.2,-1,1,465611,467312,467411,468230,2619,0,468230,465611,0
437,NP_414990.2,NP_414991.4,-1,-1,477066,478617,478780,479251,2185,0,479251,477066,0
441,NP_414994.1,NP_414995.1,-1,-1,480333,480708,481253,484403,4070,0,484403,480333,0
442,NP_414995.1,NP_414996.1,-1,-1,481253,484403,484425,485619,4366,1,485619,481253,0
457,NP_415009.1,NP_415010.1,-1,1,499013,499973,500124,501429,2416,0,501429,499013,0
459,NP_415011.1,NP_415012.1,-1,-1,501561,503238,503475,504696,3135,0,504696,501561,0
460,NP_415012.1,NP_415013.1,-1,1,503475,504696,504913,506566,3091,0,506566,503475,0
465,NP_415017.1,YP_009518752.1,-1,-1,508874,511379,511167,511379,2505,0,511379,508874,0
482,NP_415036.1,NP_415037.1,-1,-1,530131,531226,531294,532221,2090,0,532221,530131,0
493,NP_415048.1,NP_415049.1,-1,-1,543260,544046,544056,545292,2032,1,545292,543260,0
494,NP_415049.1,NP_415050.1,-1,-1,544056,545292,545313,546363,2307,1,546363,544056,0
495,NP_415050.1,NP_415051.1,-1,1,545313,546363,546679,548347,3034,0,548347,545313,0
503,NP_415058.1,NP_415059.1,-1,1,553942,554437,554610,555996,2054,0,555996,553942,0
513,NP_415068.1,NP_415069.1,-1,-1,563847,564480,564814,565978,2131,0,565978,563847,0
515,NP_416593.1,NP_415075.1,1,1,2170531,2171398,568314,568647,1603084,0,2171398,568314,0
527,YP_009518770.2,NP_415086.1,1,1,1396111,1397092,577397,577613,819695,0,1397092,577397,0
540,NP_415097.1,NP_415098.1,-1,-1,584679,585633,586146,586908,2229,1,586908,584679,0
542,NP_415099.1,NP_415100.1,-1,-1,587090,587981,587981,590954,3864,0,590954,587090,0
543,NP_415100.1,NP_415101.1,-1,-1,587981,590954,590940,593178,5197,1,593178,587981,0
544,NP_415101.1,NP_415102.1,-1,-1,590940,593178,593327,594770,3830,0,594770,590940,0
545,NP_415102.1,NP_415103.1,-1,-1,593327,594770,594759,595443,2116,1,595443,593327,0
546,NP_415103.1,NP_415104.1,-1,1,594759,595443,595599,596973,2214,0,596973,594759,0
552,NP_415109.1,NP_415110.1,-1,-1,603415,604663,604770,605424,2009,0,605424,603415,0
557,YP_025295.1,NP_416895.2,1,1,607835,607988,2514330,2515443,1906342,0,607988,2514330,1796
558,NP_416895.2,NP_415115.2,1,-1,2514330,2515443,609458,610079,1905985,0,2515443,609458,0
559,NP_415115.2,NP_415116.1,-1,-1,609458,610079,610253,612494,3036,1,612494,609458,0
560,NP_415116.1,NP_415117.2,-1,1,610253,612494,612736,613939,3686,0,613939,610253,0
567,NP_415122.1,NP_415123.1,-1,1,621184,622189,622299,623550,2366,0,623550,621184,0
569,NP_415124.1,NP_415125.1,-1,1,623553,624510,624884,626060,2507,0,626060,623553,0
577,NP_415132.1,NP_415133.1,-1,1,632388,633477,633585,634746,2358,0,634746,632388,0
580,NP_415135.1,NP_415136.1,-1,-1,635348,636569,636715,637618,2270,1,637618,635348,0
589,NP_415144.1,NP_415145.1,-1,-1,644196,645003,645116,646580,2384,0,646580,644196,0
590,NP_415145.1,NP_415146.1,-1,-1,645116,646580,646630,647509,2393,0,647509,645116,0
592,NP_415147.1,NP_415148.1,-1,-1,647483,648035,648038,649571,2088,1,649571,647483,0
593,NP_415148.1,NP_415149.4,-1,-1,648038,649571,649581,650490,2452,1,650490,648038,0
596,NP_415151.4,NP_415152.1,-1,1,650797,651856,652234,653893,3096,0,653893,650797,0
599,NP_415154.1,NP_415155.1,-1,1,654582,655968,656556,657117,2535,0,657117,654582,0
604,NP_415161.1,NP_415162.4,-1,-1,659250,660216,660424,661378,2128,0,661378,659250,0
608,NP_415165.1,NP_415166.1,-1,-1,662751,663963,664101,665190,2439,0,665190,662751,0
609,NP_415166.1,NP_415167.1,-1,-1,664101,665190,665200,666313,2212,1,666313,664101,0
610,NP_415167.1,NP_415168.1,-1,-1,665200,666313,666315,668217,3017,1,668217,665200,0
611,NP_415168.1,NP_415169.1,-1,-1,666315,668217,668247,668715,2400,1,668715,666315,0
617,NP_415174.1,NP_415175.1,-1,-1,671604,672186,672200,674783,3179,1,674783,671604,0
618,NP_415175.1,NP_415176.1,-1,1,672200,674783,675017,675500,3300,0,675500,672200,0
626,NP_415183.1,NP_415184.1,-1,-1,681722,683393,683476,684412,2690,0,684412,681722,0
631,NP_415188.1,YP_009518770.2,-1,1,686838,687747,1396111,1397092,710254,0,1397092,686838,0
632,YP_009518770.2,NP_415190.1,1,-1,1396111,1397092,689342,690881,707750,0,1397092,689342,0
633,NP_415190.1,NP_415191.1,-1,-1,689342,690881,690905,691784,2442,1,691784,689342,0
636,NP_415193.2,NP_415194.1,-1,-1,692337,693378,693530,694955,2618,0,694955,692337,0
637,NP_415194.1,NP_415195.1,-1,1,693530,694955,695100,696276,2746,0,696276,693530,0
639,NP_415200.1,NP_415201.1,-1,-1,697512,699177,699573,700326,2814,0,700326,697512,0
640,NP_415201.1,NP_415202.1,-1,-1,699573,700326,700373,701594,2021,1,701594,699573,0
641,NP_415202.1,NP_415203.1,-1,-1,700373,701594,701602,702751,2378,1,702751,700373,0
642,NP_415203.1,NP_415204.1,-1,-1,701602,702751,702810,703611,2009,1,703611,701602,0
643,NP_415204.1,NP_415205.1,-1,1,702810,703611,703943,705890,3080,0,705890,702810,0
656,NP_415219.1,NP_415220.1,-1,-1,716945,718265,718261,720460,3515,1,720460,716945,0
657,NP_415220.1,YP_010051176.1,-1,-1,718261,720460,720717,720822,2561,1,720822,718261,0
659,NP_415222.1,NP_415223.1,-1,-1,721055,721733,721729,724414,3359,1,724414,721055,0
660,NP_415223.1,NP_415224.1,-1,-1,721729,724414,724406,724979,3250,0,724979,721729,0
661,NP_415224.1,NP_415225.1,-1,-1,724406,724979,724987,727036,2630,1,727036,724406,0
662,NP_415225.1,NP_415226.1,-1,-1,724987,727036,727058,728732,3745,1,728732,724987,0
673,NP_415237.1,NP_415238.1,-1,1,741074,742556,742826,743570,2496,0,743570,741074,0
679,NP_415243.4,NP_415244.4,-1,-1,746722,747769,747920,748982,2260,0,748982,746722,0
681,NP_415245.1,NP_415246.2,-1,-1,748978,749707,749721,752169,3191,1,752169,748978,0
682,NP_415246.2,NP_415247.1,-1,-1,749721,752169,752228,752795,3074,0,752795,749721,0
683,NP_415247.1,NP_415248.1,-1,-1,752228,752795,753184,754468,2240,0,754468,752228,0
695,NP_415258.1,NP_415259.1,-1,1,765152,765875,765983,767960,2808,0,767960,765152,0
715,NP_415277.1,NP_415278.1,-1,-1,787796,788837,788830,789979,2183,1,789979,787796,0
716,NP_415278.1,NP_415279.1,-1,-1,788830,789979,789982,791029,2199,1,791029,788830,0
717,NP_415279.1,NP_415280.3,-1,-1,789982,791029,791038,792055,2073,1,792055,789982,0
718,NP_415280.3,NP_415281.1,-1,-1,791038,792055,792315,793788,2750,0,793788,791038,0
719,NP_415281.1,NP_415282.1,-1,-1,792315,793788,793855,794644,2329,1,794644,792315,0
727,NP_415289.4,NP_415290.1,-1,1,799621,800575,800758,801811,2190,0,801811,799621,0
733,NP_415295.1,NP_415296.1,-1,1,807967,809257,809343,810384,2417,0,810384,807967,0
739,NP_415301.1,NP_415302.1,-1,1,815738,816647,817043,818033,2295,0,818033,815738,0
747,NP_415309.1,NP_415310.1,-1,-1,821541,822498,822497,823739,2198,1,823739,821541,0
751,NP_415313.1,NP_415314.1,-1,-1,825001,826108,826118,827252,2251,1,827252,825001,0
752,NP_415314.1,NP_415315.4,-1,-1,826118,827252,827244,828981,2863,1,828981,826118,0
753,NP_415315.4,NP_415316.1,-1,-1,827244,828981,828973,829972,2728,1,829972,827244,0
755,NP_415317.4,NP_415318.1,-1,1,829971,830643,830871,832236,2265,0,832236,829971,0
757,NP_415319.1,NP_415320.1,-1,1,832467,832950,833069,835220,2753,0,835220,832467,0
764,NP_415325.4,NP_415326.1,-1,-1,838529,839207,839248,841531,3002,0,841531,838529,0
765,NP_415326.1,NP_415327.2,-1,-1,839248,841531,841795,842056,2808,0,842056,839248,0
768,NP_415329.4,NP_415330.1,-1,-1,843254,845480,845740,846463,3209,0,846463,843254,0
780,NP_415340.1,NP_415341.1,-1,1,854823,855744,855962,857555,2732,0,857555,854823,0
782,NP_415342.1,NP_415343.1,-1,-1,857795,859061,859212,860028,2233,0,860028,857795,0
783,NP_415343.1,NP_415344.1,-1,-1,859212,860028,860173,862606,3394,0,862606,859212,0
784,NP_415344.1,NP_415345.2,-1,-1,860173,862606,862611,863511,3338,1,863511,860173,0
788,NP_415348.1,NP_415349.1,-1,1,865128,866364,866567,867533,2405,0,867533,865128,0
799,NP_415359.4,NP_415360.1,-1,1,879853,880480,880726,881929,2076,0,881929,879853,0
802,NP_415362.1,NP_415363.1,-1,1,882791,883388,883672,884905,2114,0,884905,882791,0
805,NP_415365.4,NP_415366.1,-1,-1,885315,886131,886130,887339,2024,1,887339,885315,0
808,NP_415368.1,NP_415369.1,-1,1,888133,889819,890088,890466,2333,0,890466,888133,0
829,NP_415389.2,NP_415390.4,-1,-1,905739,906753,906851,908282,2543,0,908282,905739,0
830,NP_415390.4,NP_415391.1,-1,-1,906851,908282,908292,909294,2443,1,909294,906851,0
831,NP_415391.1,NP_415392.1,-1,-1,908292,909294,909330,911049,2757,1,911049,908292,0
832,NP_415392.1,NP_415393.1,-1,-1,909330,911049,911181,912150,2820,1,912150,909330,0
833,NP_415393.1,NP_415394.4,-1,-1,911181,912150,912161,913814,2633,1,913814,911181,0
834,NP_415394.4,NP_415395.2,-1,-1,912161,913814,913957,914857,2696,0,914857,912161,0
835,NP_415395.2,NP_415396.1,-1,-1,913957,914857,915351,916047,2090,0,916047,913957,0
836,NP_415396.1,NP_415397.1,-1,1,915351,916047,916472,918131,2780,0,918131,915351,0
838,NP_415398.1,NP_415399.4,-1,1,918127,919120,919234,920350,2223,0,920350,918127,0
846,NP_415405.1,NP_415406.1,-1,-1,926727,927432,927473,929195,2468,0,929195,926727,0
847,NP_415406.1,NP_415407.1,-1,-1,927473,929195,929195,930962,3489,1,930962,927473,0
848,NP_415407.1,NP_415408.1,-1,-1,929195,930962,931084,932050,2855,0,932050,929195,0
849,NP_415408.1,NP_415409.1,-1,1,931084,932050,932594,933089,2005,0,933089,931084,0
858,NP_415417.1,NP_415418.1,-1,1,944930,945557,945870,947019,2089,0,947019,944930,0
863,NP_415422.1,NP_415423.1,-1,-1,950339,951080,951271,953554,3215,0,953554,950339,0
864,NP_415423.1,NP_415424.1,-1,-1,951271,953554,953608,954466,3195,1,954466,951271,0
865,NP_415424.1,NP_415425.4,-1,-1,953608,954466,954871,956632,3024,0,956632,953608,0
866,NP_415425.4,NP_415426.1,-1,1,954871,956632,956761,957454,2583,0,957454,954871,0
889,NP_415448.1,NP_415449.1,-1,-1,984518,985709,985893,986982,2464,0,986982,984518,0
890,NP_415449.1,NP_415450.1,-1,-1,985893,986982,987584,988985,3092,0,988985,985893,0
891,NP_415450.1,NP_415451.1,-1,-1,987584,988985,989153,990356,2772,0,990356,987584,0
892,NP_415451.1,NP_415452.1,-1,1,989153,990356,990621,993234,4081,0,993234,989153,0
896,NP_415455.1,NP_415456.4,-1,-1,994842,995988,995984,996944,2102,1,996944,994842,0
908,NP_415467.1,NP_415468.1,-1,1,1006490,1007600,1007843,1009952,3462,0,1009952,1006490,0
915,NP_415474.1,NP_415475.1,-1,-1,1015951,1016470,1016538,1018299,2348,0,1018299,1015951,0
916,NP_415475.1,NP_415476.1,-1,1,1016538,1018299,1018484,1018937,2399,0,1018937,1016538,0
921,NP_415480.2,NP_415481.1,-1,-1,1021729,1023883,1023901,1024348,2619,1,1024348,1021729,0
922,NP_415481.1,NP_415482.1,-1,1,1023901,1024348,1024470,1026525,2624,0,1026525,1023901,0
931,NP_415490.1,NP_415491.1,-1,1,1030758,1031418,1032138,1033257,2499,0,1033257,1030758,0
942,NP_415501.1,NP_415502.4,-1,-1,1042029,1044210,1044229,1044676,2647,1,1044676,1042029,0
944,NP_415503.1,NP_415504.1,-1,-1,1044663,1045803,1045848,1047945,3282,0,1047945,1044663,0
945,NP_415504.1,NP_415505.1,-1,-1,1045848,1047945,1047944,1048691,2843,1,1048691,1045848,0
956,NP_415512.1,NP_415513.2,-1,-1,1052288,1053362,1053433,1056178,3890,0,1056178,1052288,0
957,NP_415513.2,NP_415514.1,-1,1,1053433,1056178,1056260,1057289,3856,0,1057289,1053433,0
964,NP_415520.1,NP_415521.1,-1,1,1062854,1063775,1064035,1065292,2438,0,1065292,1062854,0
976,NP_415532.3,NP_415533.1,-1,1,1072862,1074011,1074241,1074880,2018,0,1074880,1072862,0
978,NP_415534.1,YP_009518762.2,-1,1,1074919,1078882,1079119,1079146,4227,0,1079146,1074919,0
985,NP_415541.1,NP_415542.1,-1,-1,1086520,1087846,1087838,1089857,3337,1,1089857,1086520,0
986,NP_415542.1,NP_415543.1,-1,-1,1087838,1089857,1089865,1092289,4451,1,1092289,1087838,0
987,NP_415543.1,NP_415544.1,-1,1,1089865,1092289,1092875,1094234,4369,0,1094234,1089865,0
988,NP_415544.1,NP_416593.1,1,1,1092875,1094234,2170531,2171398,1076297,0,1094234,2170531,1064
990,NP_416592.2,NP_415548.1,1,1,2170235,2170535,1095842,1096829,1074693,0,2170535,1095842,0
1006,NP_415565.1,NP_415566.1,-1,1,1107783,1108941,1109334,1110870,3087,0,1110870,1107783,0
1011,NP_415571.1,NP_415572.1,-1,-1,1114263,1115490,1115661,1116582,2319,0,1116582,1114263,0
1012,NP_415572.1,NP_415573.1,-1,1,1115661,1116582,1116806,1117859,2198,0,1117859,1115661,0
1023,NP_415583.4,NP_415584.1,-1,1,1124117,1125326,1125561,1126146,2029,0,1126146,1124117,0
1042,NP_415602.1,NP_415603.2,-1,1,1141181,1144367,1144501,1144822,3641,0,1144822,1141181,0
1060,NP_415620.1,NP_415621.3,-1,1,1159361,1161551,1161884,1162244,2883,0,1162244,1159361,0
1071,NP_415631.1,NP_415632.1,-1,-1,1169411,1170374,1170517,1173964,4553,0,1173964,1169411,0
1072,NP_415632.1,NP_415633.1,-1,-1,1170517,1173964,1174091,1175165,4648,0,1175165,1170517,0
1073,NP_415633.1,NP_415634.1,-1,1,1174091,1175165,1175426,1176626,2535,0,1176626,1174091,0
1085,NP_415644.1,NP_415645.1,-1,1,1184457,1185594,1185843,1187070,2613,0,1187070,1184457,0
1087,NP_415646.4,NP_415647.1,-1,-1,1187118,1188240,1188315,1189776,2658,0,1189776,1187118,0
1088,NP_415647.1,NP_415648.1,-1,-1,1188315,1189776,1189775,1190447,2132,1,1190447,1188315,0
1089,NP_415648.1,NP_415649.1,-1,-1,1189775,1190447,1190615,1191986,2211,0,1191986,1189775,0
1090,NP_415649.1,NP_415650.1,-1,-1,1190615,1191986,1191989,1192631,2016,1,1192631,1190615,0
1094,NP_415653.4,NP_415654.1,-1,1,1194297,1194951,1195122,1196373,2076,0,1196373,1194297,0
1097,NP_415656.1,NP_415657.1,-1,1,1197532,1198237,1198694,1199588,2056,0,1199588,1197532,0
1121,NP_415680.1,NP_415681.1,-1,-1,1213327,1214059,1214263,1215475,2148,0,1215475,1213327,0
1128,YP_588447.1,NP_415689.2,1,-1,1218982,1219201,1222304,1222634,3103,0,1219201,1222304,0
1145,NP_415703.3,NP_415704.1,-1,-1,1232499,1233030,1233175,1234717,2218,0,1234717,1232499,0
1146,NP_415704.1,NP_415705.1,-1,1,1233175,1234717,1234937,1235657,2482,0,1235657,1233175,0
1148,NP_415706.1,NP_415707.1,-1,1,1235708,1237241,1237570,1238869,3161,0,1238869,1235708,0
1152,NP_415709.2,NP_415710.1,-1,-1,1240334,1242071,1242165,1243080,2746,0,1243080,1240334,0
1158,NP_415715.1,NP_415716.4,-1,-1,1245678,1247376,1247695,1249114,3436,0,1249114,1245678,0
1159,NP_415716.4,NP_415717.1,-1,-1,1247695,1249114,1249124,1249757,2062,1,1249757,1247695,0
1161,NP_415718.6,NP_415719.2,-1,1,1249767,1250838,1251065,1252985,3218,0,1252985,1249767,0
1163,NP_415720.1,NP_415721.1,-1,-1,1253084,1255952,1256720,1257812,4728,0,1257812,1253084,0
1167,NP_415724.2,NP_415725.1,-1,-1,1259123,1260803,1260927,1261875,2752,0,1261875,1259123,0
1170,NP_415727.1,NP_415728.1,-1,1,1262876,1263500,1263713,1264970,2094,0,1264970,1262876,0
1185,NP_415739.1,NP_415740.1,-1,-1,1275178,1275829,1275821,1277618,2440,1,1277618,1275178,0
1186,NP_415740.1,NP_415741.1,-1,1,1275821,1277618,1277956,1279348,3527,0,1279348,1275821,0
1201,NP_415757.1,YP_010051181.1,-1,1,1295445,1298121,1298513,1298567,3122,0,1298567,1295445,0
1203,NP_415758.1,YP_009518770.2,1,1,1298597,1299245,1396111,1397092,96866,0,1299245,1396111,98
1204,YP_009518770.2,NP_415759.1,1,1,1396111,1397092,1301181,1302813,95911,0,1397092,1301181,0
1224,NP_415777.1,NP_415778.3,-1,-1,1317221,1318415,1318426,1319788,2567,1,1319788,1317221,0
1225,NP_415778.3,NP_415779.1,-1,-1,1318426,1319788,1319788,1321384,2958,1,1321384,1318426,0
1226,NP_415779.1,NP_415780.1,-1,-1,1319788,1321384,1321383,1322946,3158,1,1322946,1319788,0
1234,NP_415787.1,NP_415788.1,-1,1,1328353,1329112,1329331,1330381,2028,0,1330381,1328353,0
1236,NP_415789.1,NP_415790.1,-1,1,1330416,1330668,1331047,1333645,3229,0,1333645,1330416,0
1253,NP_415801.1,YP_002791239.1,-1,1,1344756,1346742,1346795,1346900,2144,0,1346900,1344756,0
1255,NP_415802.1,NP_415803.2,-1,-1,1346977,1348912,1348979,1350107,3130,0,1350107,1346977,0
1256,NP_415803.2,NP_415804.1,-1,-1,1348979,1350107,1350250,1351039,2060,0,1351039,1348979,0
1262,NP_415809.1,NP_415810.1,-1,-1,1354504,1355470,1355466,1357110,2606,1,1357110,1354504,0
1263,NP_415810.1,NP_415811.1,-1,-1,1355466,1357110,1357422,1357668,2202,0,1357668,1355466,0
1267,NP_415813.4,NP_415814.4,-1,1,1359489,1360908,1361119,1361884,2395,0,1361884,1359489,0
1289,NP_415836.1,NP_415837.1,-1,1,1382962,1383961,1384116,1385514,2552,0,1385514,1382962,0
1301,NP_415846.1,YP_009518770.2,-1,1,1394890,1395922,1396111,1397092,2202,0,1397092,1394890,0
1306,NP_415851.1,NP_415852.2,-1,-1,1399720,1400236,1400246,1401773,2053,1,1401773,1399720,0
1307,NP_415852.2,NP_415853.1,-1,-1,1400246,1401773,1401809,1403255,3009,1,1403255,1400246,0
1308,NP_415853.1,NP_415854.4,-1,-1,1401809,1403255,1403254,1404565,2756,1,1404565,1401809,0
1309,NP_415854.4,NP_415855.1,-1,1,1403254,1404565,1404740,1405649,2395,0,1405649,1403254,0
1317,NP_415860.1,NP_415861.1,-1,-1,1411012,1411948,1411999,1413235,2223,0,1413235,1411012,0
1322,NP_415865.1,NP_415866.1,-1,-1,1413983,1414793,1414785,1417386,3403,1,1417386,1413983,0
1323,NP_415866.1,NP_415867.1,-1,-1,1414785,1417386,1417487,1417763,2978,0,1417763,1414785,0
1340,NP_415888.1,NP_415890.2,-1,1,1427745,1428726,1429048,1432411,4666,0,1432411,1427745,0
1344,NP_415893.2,YP_009518787.1,-1,1,1433990,1434224,1632889,1633003,199013,0,1633003,1433990,0
1345,YP_009518787.1,NP_415894.4,1,-1,1632889,1633003,1435184,1435619,197819,0,1633003,1435184,0
1347,NP_415895.1,NP_415896.1,-1,-1,1435759,1436893,1437259,1440784,5025,1,1440784,1435759,0
1348,NP_415896.1,YP_588453.1,-1,1,1437259,1440784,1441057,1441324,4065,0,1441324,1437259,0
1351,NP_415898.1,NP_415899.1,-1,1,1441853,1442843,1443050,1445690,3837,0,1445690,1441853,0
1355,NP_415902.1,NP_415903.4,-1,1,1446377,1447283,1447518,1449018,2641,0,1449018,1446377,0
1357,NP_415904.3,NP_415905.1,-1,-1,1449075,1451349,1451596,1453642,4567,0,1453642,1449075,0
1358,NP_415905.1,NP_415906.1,-1,1,1451596,1453642,1453926,1454856,3260,0,1454856,1451596,0
1372,NP_418693.1,YP_026163.2,1,-1,4498594,4499500,2069814,2070180,2429686,1,4499500,2069814,0
1373,YP_026163.2,NP_418704.1,-1,-1,2069814,2070180,4507465,4508617,2438803,0,4508617,2069814,0
1374,NP_418704.1,NP_415924.1,-1,1,4507465,4508617,1474220,1475081,3032384,0,1475081,4507465,2789
1381,NP_415930.1,NP_415931.4,-1,1,1482254,1482860,1483060,1486963,4709,0,1486963,1482254,0
1389,NP_415937.1,NP_415938.1,-1,1,1491961,1492129,1492469,1494110,2149,0,1494110,1491961,0
1391,NP_415939.2,NP_415940.1,-1,1,1494147,1495071,1495287,1496631,2484,0,1496631,1494147,0
1396,NP_415945.1,NP_415946.1,-1,1,1499468,1500449,1500572,1501565,2097,0,1501565,1499468,0
1420,NP_415968.1,NP_415969.1,-1,1,1520962,1523065,1523306,1524368,3406,0,1524368,1520962,0
1422,NP_415970.4,NP_415971.1,-1,1,1524480,1525980,1526246,1526864,2384,0,1526864,1524480,0
1424,NP_415972.1,NP_415974.1,1,1,1526939,1527152,1529921,1530404,2769,0,1527152,1529921,0
1426,YP_009518780.1,NP_415977.1,-1,1,1530318,1530504,1531815,1532952,2634,0,1532952,1530318,0
1433,NP_415983.1,NP_415984.1,-1,-1,1536613,1537309,1537308,1538853,2240,1,1538853,1536613,0
1434,NP_415984.1,NP_415985.1,-1,-1,1537308,1538853,1538849,1542590,5282,1,1542590,1537308,0
1435,NP_415985.1,NP_415986.1,-1,-1,1538849,1542590,1542671,1544060,5211,1,1544060,1538849,0
1436,NP_415986.1,YP_009518781.1,-1,-1,1542671,1544060,1544757,1545714,3043,0,1545714,1542671,0
1439,NP_415990.5,NP_415991.1,-1,1,1546287,1547169,1547400,1550448,4161,0,1550448,1546287,0
1444,NP_415995.4,NP_415996.2,-1,-1,1552827,1553838,1553971,1555669,2842,0,1555669,1552827,0
1452,NP_416003.1,NP_416004.1,-1,-1,1559906,1560929,1560930,1562481,2575,1,1562481,1559906,0
1453,NP_416004.1,NP_416005.1,-1,-1,1560930,1562481,1562494,1563076,2146,1,1563076,1560930,0
1454,NP_416005.1,NP_416006.4,-1,-1,1562494,1563076,1563333,1565733,3239,0,1565733,1562494,0
1455,NP_416006.4,NP_416007.3,-1,-1,1563333,1565733,1565757,1567140,3807,1,1567140,1563333,0
1458,NP_416008.1,NP_416009.1,-1,-1,1567503,1568823,1568953,1570489,2986,0,1570489,1567503,0
1459,NP_416009.1,NP_416010.1,-1,-1,1568953,1570489,1570644,1572045,3092,1,1572045,1568953,0
1460,NP_416010.1,NP_416011.1,-1,-1,1570644,1572045,1572406,1575202,4558,0,1575202,1570644,0
1461,NP_416011.1,NP_416012.1,-1,-1,1572406,1575202,1575246,1577619,5213,0,1577619,1572406,0
1462,NP_416012.1,NP_416013.1,-1,-1,1575246,1577619,1577656,1579342,4096,1,1579342,1575246,0
1463,NP_416013.1,YP_009518784.1,-1,1,1577656,1579342,1579544,1579667,2011,0,1579667,1577656,0
1465,NP_416014.4,NP_416015.2,-1,-1,1579632,1580790,1580841,1582524,2892,1,1582524,1579632,0
1466,NP_416015.2,NP_416016.1,-1,-1,1580841,1582524,1582925,1583687,2846,0,1583687,1580841,0
1468,NP_416017.1,NP_416018.1,-1,-1,1583761,1583959,1584206,1586486,2725,0,1586486,1583761,0
1469,NP_416018.1,NP_416019.1,-1,-1,1584206,1586486,1586819,1587734,3528,0,1587734,1584206,0
1473,YP_009518785.1,NP_416024.1,-1,-1,1588852,1590001,1590853,1592176,3324,0,1592176,1588852,0
1475,NP_416025.1,NP_416028.3,-1,-1,1592175,1592442,1598616,1600209,8034,0,1600209,1592175,0
1476,NP_416028.3,NP_416029.1,-1,-1,1598616,1600209,1600287,1601241,2625,1,1601241,1598616,0
1477,NP_416029.1,NP_416030.1,-1,1,1600287,1601241,1601489,1603025,2738,0,1603025,1600287,0
1485,NP_416037.2,YP_025302.1,-1,-1,1608107,1609022,1609228,1610680,2573,0,1610680,1608107,0
1486,YP_025302.1,NP_416039.1,-1,-1,1609228,1610680,1610906,1611854,2626,0,1611854,1609228,0
1489,NP_416041.1,NP_416042.2,-1,-1,1612324,1613251,1613314,1614703,2379,1,1614703,1612324,0
1490,NP_416042.2,NP_416043.1,-1,1,1613314,1614703,1614803,1615685,2371,0,1615685,1613314,0
1498,NP_416050.4,NP_416051.1,-1,1,1620237,1621137,1621331,1622519,2282,0,1622519,1620237,0
1505,NP_416056.1,NP_416057.1,-1,1,1625334,1627380,1627516,1628263,2929,0,1628263,1625334,0
1509,NP_416060.1,YP_009518786.1,-1,-1,1629452,1630913,1631001,1632285,2833,0,1632285,1629452,0
1510,YP_009518786.1,YP_009518787.1,-1,1,1631001,1632285,1632889,1633003,2002,0,1633003,1631001,0
1549,NP_416093.1,YP_009518794.1,1,-1,1649793,1649985,1652727,1652838,2742,0,1649985,1652727,0
1551,NP_416097.1,NP_416098.1,-1,-1,1652895,1653915,1653926,1655141,2246,1,1655141,1652895,0
1564,NP_416110.4,NP_416111.1,-1,-1,1666523,1667219,1667343,1668564,2041,1,1668564,1666523,0
1565,NP_416111.1,NP_416112.1,-1,-1,1667343,1668564,1668698,1669592,2249,0,1669592,1667343,0
1566,NP_416112.1,NP_416113.1,-1,1,1668698,1669592,1669698,1670952,2254,0,1670952,1668698,0
1575,NP_416119.1,NP_416120.1,-1,-1,1674971,1676360,1676370,1677903,2932,1,1677903,1674971,0
1576,NP_416120.1,NP_416121.1,-1,1,1676370,1677903,1678426,1679371,3001,0,1679371,1676370,0
1584,NP_416128.1,NP_416129.1,-1,-1,1685184,1686588,1686730,1688377,3193,1,1688377,1685184,0
1585,NP_416129.1,NP_416130.3,-1,1,1686730,1688377,1688575,1689751,3021,0,1689751,1686730,0
1588,NP_416132.2,NP_416133.1,-1,-1,1691585,1692851,1692889,1694263,2678,1,1694263,1691585,0
1589,NP_416133.1,NP_416134.1,-1,-1,1692889,1694263,1694259,1696071,3182,1,1696071,1692889,0
1590,NP_416134.1,NP_416135.1,-1,-1,1694259,1696071,1696461,1697052,2793,0,1697052,1694259,0
1593,NP_416137.1,NP_416138.1,-1,1,1698151,1699180,1699354,1700947,2796,0,1700947,1698151,0
1610,NP_416153.1,NP_416154.1,-1,-1,1715025,1715889,1715947,1717222,2197,1,1717222,1715025,0
1611,NP_416154.1,NP_416155.1,-1,-1,1715947,1717222,1717350,1718007,2060,1,1718007,1715947,0
1634,NP_416176.1,YP_025306.1,-1,1,1738865,1739798,1739910,1741122,2257,0,1741122,1738865,0
1637,NP_416179.1,YP_025307.1,-1,1,1742600,1743242,1743456,1744830,2230,0,1744830,1742600,0
1639,NP_416181.1,NP_416182.1,-1,1,1744870,1746127,1746699,1747005,2135,0,1747005,1744870,0
1645,NP_416187.1,NP_416188.1,-1,-1,1751076,1751724,1751727,1753830,2754,1,1753830,1751076,0
1646,NP_416188.1,NP_416189.1,-1,-1,1751727,1753830,1753850,1754477,2750,1,1754477,1751727,0
1654,NP_416195.1,NP_416196.1,-1,-1,1759302,1760523,1760519,1761791,2489,1,1761791,1759302,0
1656,NP_416197.1,NP_416198.2,-1,-1,1761765,1762512,1762521,1764009,2244,1,1764009,1761765,0
1660,NP_416201.1,NP_416202.1,-1,-1,1765221,1765632,1765628,1768685,3464,1,1768685,1765221,0
1661,NP_416202.1,NP_416203.1,-1,1,1765628,1768685,1769073,1770186,4558,0,1770186,1765628,0
1676,NP_416217.1,NP_416218.1,-1,1,1784733,1787112,1787444,1788278,3545,0,1788278,1784733,0
1680,NP_416221.1,NP_416222.1,-1,-1,1789807,1791244,1791306,1792020,2213,0,1792020,1789807,0
1686,NP_416227.1,NP_416228.1,-1,-1,1795252,1795552,1795556,1797944,2692,1,1797944,1795252,0
1687,NP_416228.1,NP_416229.1,-1,-1,1795556,1797944,1797958,1798942,3386,1,1798942,1795556,0
1692,NP_416233.1,NP_416234.1,-1,-1,1800095,1800638,1800641,1802570,2475,1,1802570,1800095,0
1693,NP_416234.1,YP_588455.2,-1,1,1800641,1802570,1805164,1805272,4631,0,1805272,1800641,0
1704,NP_416245.2,YP_025308.1,-1,1,1813420,1813663,1813866,1816128,2708,0,1816128,1813420,0
1706,NP_416247.1,NP_416248.1,-1,-1,1816385,1817135,1817147,1818500,2115,1,1818500,1816385,0
1707,NP_416248.1,NP_416249.1,-1,-1,1817147,1818500,1818604,1819447,2300,1,1819447,1817147,0
1717,NP_416258.1,NP_416259.1,-1,-1,1825954,1826923,1826915,1828259,2305,1,1828259,1825954,0
1718,NP_416259.1,NP_416260.1,-1,-1,1826915,1828259,1828255,1829734,2819,1,1829734,1826915,0
1719,NP_416260.1,NP_416261.1,-1,-1,1828255,1829734,1829730,1830765,2510,1,1830765,1828255,0
1720,NP_416261.1,NP_416262.1,-1,-1,1829730,1830765,1830761,1831982,2252,1,1831982,1829730,0
1721,NP_416262.1,NP_416263.1,-1,1,1830761,1831982,1832427,1833234,2473,0,1833234,1830761,0
1735,NP_416276.4,NP_416277.1,-1,-1,1843830,1844871,1844998,1846960,3130,0,1846960,1843830,0
1736,NP_416277.1,NP_416278.1,-1,-1,1844998,1846960,1846964,1848008,3010,1,1848008,1844998,0
1738,NP_416279.1,NP_416280.1,-1,1,1848124,1848676,1848836,1850693,2569,0,1850693,1848124,0
1742,NP_416283.1,NP_416284.1,-1,-1,1852620,1853979,1854095,1854854,2234,0,1854854,1852620,0
1747,NP_416288.1,NP_416289.1,-1,-1,1857789,1858833,1858849,1860229,2440,1,1860229,1857789,0
1748,NP_416289.1,NP_416290.1,-1,-1,1858849,1860229,1860255,1861332,2483,1,1861332,1858849,0
1755,NP_416296.1,NP_416297.1,-1,1,1865725,1866472,1866907,1868842,3117,0,1868842,1865725,0
1763,NP_416304.1,NP_416305.1,-1,1,1874754,1875576,1875672,1876854,2100,0,1876854,1874754,0
1774,NP_416313.4,NP_416314.1,-1,1,1880885,1881809,1881911,1882997,2112,0,1882997,1880885,0
1779,NP_416318.1,NP_416319.1,-1,-1,1886863,1887991,1888060,1889746,2883,0,1889746,1886863,0
1780,NP_416319.1,NP_416320.1,-1,-1,1888060,1889746,1889950,1890532,2472,0,1890532,1888060,0
1782,NP_416321.1,NP_416322.1,-1,-1,1890571,1891267,1891324,1893235,2664,0,1893235,1890571,0
1783,NP_416322.1,NP_416323.4,-1,1,1891324,1893235,1893366,1893711,2387,0,1893711,1891324,0
1804,NP_416341.1,NP_416342.4,-1,1,1909307,1910099,1910275,1911649,2342,0,1911649,1909307,0
1806,NP_416343.1,NP_416344.1,-1,-1,1911694,1912576,1912767,1914816,3122,0,1914816,1911694,0
1807,NP_416344.1,YP_026161.1,-1,-1,1912767,1914816,1914835,1915534,2767,1,1915534,1912767,0
1822,NP_416359.1,NP_416360.1,-1,-1,1926778,1928839,1929047,1929707,2929,0,1929707,1926778,0
1827,NP_416364.1,NP_416365.1,-1,-1,1932114,1932756,1932792,1934604,2490,1,1934604,1932114,0
1828,NP_416365.1,NP_416366.1,-1,-1,1932792,1934604,1934838,1936314,3522,0,1936314,1932792,0
1829,NP_416366.1,NP_416367.1,-1,1,1934838,1936314,1936651,1937521,2683,0,1937521,1934838,0
1832,NP_416369.1,NP_416370.2,-1,-1,1939221,1940193,1940312,1941635,2414,0,1941635,1939221,0
1833,NP_416370.2,NP_416371.4,-1,-1,1940312,1941635,1941650,1942583,2271,0,1942583,1940312,0
1843,NP_416379.1,NP_416380.1,-1,-1,1948179,1948632,1948749,1950522,2343,0,1950522,1948179,0
1844,NP_416380.1,NP_416381.2,-1,1,1948749,1950522,1950831,1951398,2649,0,1951398,1948749,0
1850,NP_416386.4,NP_416387.1,-1,-1,1954577,1957007,1957031,1958132,3555,1,1958132,1954577,0
1851,NP_416387.1,YP_025309.2,-1,-1,1957031,1958132,1958519,1959266,2235,0,1959266,1957031,0
1853,NP_416389.4,NP_416390.1,-1,1,1959279,1959846,1960061,1961795,2516,0,1961795,1959279,0
1857,NP_416392.1,NP_416393.1,-1,-1,1962579,1962972,1962971,1965050,2471,1,1965050,1962579,0
1858,NP_416393.1,NP_416394.1,-1,-1,1962971,1965050,1965042,1966191,3220,1,1966191,1962971,0
1863,NP_416398.1,NP_416399.1,-1,-1,1968503,1969364,1969382,1970984,2481,1,1970984,1968503,0
1864,NP_416399.1,NP_416400.1,-1,-1,1969382,1970984,1971029,1972691,3309,1,1972691,1969382,0
1865,NP_416400.1,NP_416401.1,-1,-1,1971029,1972691,1972835,1973339,2310,0,1973339,1971029,0
1866,NP_416401.1,YP_010283911.1,-1,-1,1972835,1973339,1973359,1975324,2489,1,1975324,1972835,0
1868,NP_416402.2,NP_416403.1,-1,-1,1973359,1975033,1975328,1976255,2896,0,1976255,1973359,0
1872,NP_416406.4,YP_009518739.1,-1,-1,1977846,1978197,257922,258426,1719420,0,258426,1977846,1649
1874,YP_009518740.1,NP_416409.1,-1,1,258344,258620,1979752,1980181,1721837,0,1980181,258344,0
1876,NP_416410.1,NP_416411.1,-1,-1,1980187,1981612,1981586,1982387,2200,1,1982387,1980187,0
1878,YP_026162.2,NP_416413.1,-1,-1,1982553,1983540,1983554,1985069,2516,1,1985069,1982553,0
1879,NP_416413.1,NP_416414.1,-1,-1,1983554,1985069,1985138,1986128,2574,1,1986128,1983554,0
1880,NP_416414.1,NP_416415.1,-1,1,1985138,1986128,1986924,1987428,2290,0,1987428,1985138,0
1889,NP_416422.1,NP_416423.4,-1,-1,1992268,1992817,1992873,1994706,2438,0,1994706,1992268,0
1890,NP_416423.4,NP_416424.1,-1,-1,1992873,1994706,1994702,1995359,2486,1,1995359,1992873,0
1900,NP_416432.3,NP_416433.1,-1,-1,2001069,2001789,2002109,2003606,2537,0,2003606,2001069,0
1901,NP_416433.1,NP_416434.1,-1,1,2002109,2003606,2003871,2005278,3169,0,2005278,2002109,0
1911,NP_416447.1,NP_416448.1,-1,1,2012699,2013014,2013228,2014887,2188,0,2014887,2012699,0
1929,NP_416465.2,NP_416466.1,-1,-1,2026322,2028017,2028187,2028370,2048,0,2028370,2026322,0
1931,NP_416467.1,NP_416468.1,-1,1,2028448,2029366,2029538,2030459,2011,0,2030459,2028448,0
1934,NP_416470.1,NP_416471.1,-1,-1,2030898,2032317,2032383,2033079,2181,0,2033079,2030898,0
1936,NP_416472.3,NP_416476.1,-1,1,2033118,2033421,2035834,2036686,3568,0,2036686,2033118,0
1938,NP_416477.1,NP_416478.2,-1,-1,2036793,2038152,2038151,2038823,2030,1,2038823,2036793,0
1950,NP_416491.3,NP_416492.1,-1,-1,2058202,2059846,2059963,2060914,2712,0,2060914,2058202,0
1952,NP_416493.1,NP_416494.1,-1,-1,2061015,2061933,2062390,2063323,2308,0,2063323,2061015,0
1953,NP_416494.1,NP_416495.1,-1,-1,2062390,2063323,2063387,2064467,2077,0,2064467,2062390,0
1956,NP_416497.1,NP_416498.2,-1,-1,2065218,2065764,2066304,2067285,2067,0,2067285,2065218,0
1957,NP_418693.1,YP_026163.2,1,-1,4498594,4499500,2069814,2070180,2429686,1,4499500,2069814,0
1958,YP_026163.2,YP_026164.1,-1,1,2069814,2070180,2071538,2074658,4844,0,2074658,2069814,0
1971,NP_416514.4,NP_416515.1,-1,1,2081380,2082547,2082755,2084183,2803,0,2084183,2081380,0
1974,NP_416517.1,NP_416518.2,-1,-1,2084466,2085525,2085703,2087062,2596,0,2087062,2084466,0
1990,NP_416531.4,NP_416532.1,-1,-1,2097320,2098301,2098446,2099613,2293,0,2099613,2097320,0
1991,NP_416532.1,NP_416533.1,-1,-1,2098446,2099613,2099861,2101268,2822,0,2101268,2098446,0
1992,YP_009518770.2,NP_416536.1,1,-1,1396111,1397092,2103390,2104509,706298,0,1397092,2103390,694
1995,NP_416538.1,NP_416539.1,-1,-1,2105064,2106057,2106059,2107226,2162,0,2107226,2105064,0
1996,NP_416539.1,NP_416540.1,-1,-1,2106059,2107226,2107225,2108329,2270,1,2108329,2106059,0
1997,NP_416540.1,NP_416541.1,-1,-1,2107225,2108329,2108336,2109584,2359,0,2109584,2107225,0
2002,NP_416545.1,NP_416546.1,-1,-1,2111975,2113061,2113433,2114327,2352,0,2114327,2111975,0
2003,NP_416546.1,NP_416547.1,-1,-1,2113433,2114327,2114501,2115896,2463,0,2115896,2113433,0
2004,NP_416547.1,NP_416548.1,-1,-1,2114501,2115896,2115906,2117127,2626,1,2117127,2114501,0
2005,NP_416548.1,NP_416549.1,-1,-1,2115906,2117127,2117123,2118404,2498,1,2118404,2115906,0
2006,NP_416549.1,NP_416550.1,-1,-1,2117123,2118404,2118679,2120158,3035,0,2120158,2117123,0
2007,NP_416550.1,NP_416551.1,-1,-1,2118679,2120158,2120159,2121554,2875,1,2121554,2118679,0
2008,NP_416551.1,NP_416552.1,-1,-1,2120159,2121554,2121608,2122979,2820,1,2122979,2120159,0
2009,NP_416552.1,NP_416553.1,-1,-1,2121608,2122979,2123083,2124520,2912,1,2124520,2121608,0
2010,NP_416553.1,NP_416554.1,-1,-1,2123083,2124520,2124522,2125746,2663,1,2125746,2123083,0
2013,NP_416556.1,NP_416557.1,-1,-1,2126224,2127190,2127192,2128314,2090,1,2128314,2126224,0
2017,NP_416560.1,NP_416561.1,-1,-1,2129660,2130878,2130852,2132070,2410,1,2132070,2129660,0
2020,NP_416563.1,NP_416564.4,-1,-1,2132557,2133397,2133489,2135652,3095,1,2135652,2132557,0
2021,NP_416564.4,NP_416565.1,-1,-1,2133489,2135652,2135654,2136098,2609,1,2136098,2133489,0
2023,NP_416566.1,NP_416567.4,-1,1,2136103,2137243,2137901,2139485,3382,0,2139485,2136103,0
2025,NP_416568.1,NP_416569.1,-1,-1,2139758,2141612,2141633,2142215,2457,0,2142215,2139758,0
2027,NP_416570.2,NP_416571.1,-1,1,2142306,2142948,2143265,2146583,4277,0,2146583,2142306,0
2029,NP_416572.1,NP_416573.4,-1,1,2146691,2147540,2147673,2149026,2335,0,2149026,2146691,0
2031,NP_416574.1,NP_416575.1,-1,1,2149038,2150985,2151184,2151646,2608,0,2151646,2149038,0
2049,NP_416594.1,NP_416596.1,-1,-1,2171832,2172873,2174281,2174566,2734,1,2174566,2171832,0
2052,NP_416598.1,NP_416599.2,-1,-1,2175058,2176321,2176349,2177204,2146,1,2177204,2175058,0
2053,NP_416599.2,NP_416600.4,-1,-1,2176349,2177204,2177511,2178564,2215,0,2178564,2176349,0
2054,NP_416600.4,NP_416601.1,-1,1,2177511,2178564,2178820,2180098,2587,0,2180098,2177511,0
2065,NP_416611.1,NP_416612.1,-1,-1,2187379,2188414,2188429,2190910,3531,1,2190910,2187379,0
2066,NP_416612.1,NP_416613.1,-1,-1,2188429,2190910,2190925,2191645,3216,1,2191645,2188429,0
2070,NP_416616.4,NP_416617.1,-1,1,2193058,2194168,2194299,2196333,3275,0,2196333,2193058,0
2072,YP_009518799.1,NP_416621.1,1,1,2196473,2197298,2200278,2203911,2980,0,2197298,2200278,0
2081,NP_416629.4,NP_416630.1,-1,-1,2212242,2212962,2212958,2214644,2402,1,2214644,2212242,0
2082,NP_416630.1,NP_416631.1,-1,1,2212958,2214644,2214865,2215597,2639,0,2215597,2212958,0
2086,NP_416633.1,NP_416634.1,-1,-1,2216480,2217407,2217399,2218557,2077,1,2218557,2216480,0
2087,NP_416634.1,NP_416635.1,-1,-1,2217399,2218557,2218563,2219481,2082,1,2219481,2217399,0
2088,NP_416635.1,NP_416636.1,-1,-1,2218563,2219481,2219691,2221989,3426,0,2221989,2218563,0
2089,NP_416636.1,NP_416637.1,-1,1,2219691,2221989,2222184,2223900,4209,0,2223900,2219691,0
2094,NP_416641.1,YP_002791249.1,-1,1,2226508,2227270,2228981,2229065,2557,0,2229065,2226508,0
2104,NP_416653.1,NP_416654.1,-1,-1,2236742,2237753,2237768,2239289,2547,1,2239289,2236742,0
2105,NP_416654.1,NP_416655.1,-1,-1,2237768,2239289,2239349,2240348,2580,1,2240348,2237768,0
2106,NP_416655.1,NP_416656.1,-1,-1,2239349,2240348,2240627,2241668,2319,0,2241668,2239349,0
2107,NP_416656.1,NP_416657.1,-1,-1,2240627,2241668,2241809,2242967,2340,0,2242967,2240627,0
2111,NP_416660.1,NP_416661.1,-1,-1,2244777,2246769,2247062,2248532,3755,0,2248532,2244777,0
2112,NP_416661.1,NP_416662.1,-1,-1,2247062,2248532,2248736,2249618,2556,0,2249618,2247062,0
2113,NP_416662.1,NP_416663.1,-1,1,2248736,2249618,2249716,2250766,2030,0,2250766,2248736,0
2117,NP_416666.1,NP_416667.1,-1,-1,2252894,2254145,2254244,2255186,2292,0,2255186,2252894,0
2120,NP_416669.1,NP_416670.1,-1,-1,2256084,2257335,2257428,2258367,2283,0,2258367,2256084,0
2122,NP_416671.1,NP_416672.1,-1,-1,2258354,2259296,2259718,2261410,3056,0,2261410,2258354,0
2123,NP_416672.1,NP_416673.1,-1,-1,2259718,2261410,2261426,2262365,2647,1,2262365,2259718,0
2124,NP_416673.1,NP_416674.1,-1,-1,2261426,2262365,2262364,2263495,2069,1,2263495,2261426,0
2125,NP_416674.1,NP_416675.1,-1,1,2262364,2263495,2263862,2265044,2680,0,2265044,2262364,0
2140,NP_416688.1,NP_416689.1,-1,1,2279787,2280483,2280631,2282392,2605,0,2282392,2279787,0
2145,YP_009518770.2,NP_416697.1,1,1,1396111,1397092,2290499,2291147,893407,0,1397092,2290499,849
2148,NP_416699.1,NP_416700.1,-1,-1,2292406,2292964,2292960,2294904,2498,1,2294904,2292406,0
2149,NP_416700.1,NP_416701.1,-1,-1,2292960,2294904,2294900,2295380,2420,1,2295380,2292960,0
2158,NP_416709.1,NP_416710.1,-1,-1,2299564,2300260,2300266,2302753,3189,1,2302753,2299564,0
2159,NP_416710.1,NP_416711.1,-1,-1,2300266,2302753,2302749,2303013,2747,1,2303013,2300266,0
2164,NP_416714.1,NP_416715.1,-1,-1,2305107,2306754,2306971,2308615,3508,0,2308615,2305107,0
2165,NP_416715.1,NP_416716.1,-1,-1,2306971,2308615,2308690,2309341,2370,0,2309341,2306971,0
2167,NP_416717.1,NP_416718.1,-1,-1,2309340,2310405,2310478,2311534,2194,0,2311534,2309340,0
2168,NP_416718.1,NP_416719.1,-1,-1,2310478,2311534,2311645,2312749,2271,0,2312749,2310478,0
2169,NP_416719.1,NP_416720.1,-1,1,2311645,2312749,2313487,2316160,4515,0,2316160,2311645,0
2172,NP_416722.2,NP_416723.1,-1,1,2317026,2319876,2320042,2321869,4843,0,2321869,2317026,0
2179,NP_416729.1,NP_416730.1,-1,-1,2327366,2328143,2328147,2329797,2431,1,2329797,2327366,0
2180,NP_416730.1,NP_416732.4,-1,-1,2328147,2329797,2334335,2334959,6812,1,2334959,2328147,0
2181,NP_416732.4,NP_416733.4,-1,-1,2334335,2334959,2334955,2336644,2309,1,2336644,2334335,0
2182,NP_416733.4,NP_416734.1,-1,-1,2334955,2336644,2336792,2339420,4465,0,2339420,2334955,0
2183,NP_416734.1,NP_416735.1,-1,1,2336792,2339420,2339566,2340289,3497,0,2340289,2336792,0
2185,NP_416736.1,YP_009518802.1,-1,-1,2340416,2344169,2344593,2344737,4321,0,2344737,2340416,0
2186,YP_009518802.1,NP_416737.1,-1,1,2344593,2344737,2344864,2347150,2557,0,2347150,2344593,0
2191,NP_416740.1,NP_416742.1,-1,-1,2348821,2349472,2349934,2351011,2190,0,2351011,2348821,0
2192,NP_416742.1,NP_416743.1,-1,-1,2349934,2351011,2351015,2352374,2440,1,2352374,2349934,0
2193,NP_416743.1,NP_416744.1,-1,1,2351015,2352374,2352646,2354275,3260,0,2354275,2351015,0
2198,NP_416748.1,NP_416749.4,-1,-1,2358041,2358845,2358862,2360152,2111,1,2360152,2358041,0
2199,NP_416749.4,NP_416750.2,-1,-1,2358862,2360152,2360208,2361414,2552,1,2361414,2358862,0
2200,NP_416750.2,NP_416751.1,-1,-1,2360208,2361414,2361428,2362211,2003,1,2362211,2360208,0
2201,NP_416751.1,NP_416752.1,-1,-1,2361428,2362211,2362430,2363633,2205,0,2363633,2361428,0
2205,NP_416755.1,NP_416756.6,-1,1,2365017,2365620,2365909,2367067,2050,0,2367067,2365017,0
2214,NP_416763.1,NP_416764.1,-1,-1,2373647,2375003,2374999,2375962,2315,1,2375962,2373647,0
2217,NP_416766.1,NP_416767.1,-1,-1,2376833,2377592,2377588,2379259,2426,1,2379259,2376833,0
2218,NP_416767.1,NP_416768.4,-1,-1,2377588,2379259,2379347,2380643,3055,1,2380643,2377588,0
2224,NP_416773.1,NP_416774.2,-1,1,2383994,2385722,2385859,2386831,2837,0,2386831,2383994,0
2230,NP_416779.2,NP_416780.1,-1,-1,2390047,2391505,2391511,2393041,2994,1,2393041,2390047,0
2231,NP_416780.1,NP_416781.1,-1,-1,2391511,2393041,2393204,2395046,3535,1,2395046,2391511,0
2232,NP_416781.1,NP_416782.1,-1,-1,2393204,2395046,2395042,2395345,2141,1,2395345,2393204,0
2236,NP_416785.1,NP_416786.4,-1,-1,2396464,2397442,2397438,2400165,3701,1,2400165,2396464,0
2237,NP_416786.4,NP_416787.1,-1,-1,2397438,2400165,2400217,2401555,4117,1,2401555,2397438,0
2239,NP_416788.1,NP_416789.2,-1,-1,2401551,2402052,2402054,2403845,2294,1,2403845,2401551,0
2240,NP_416789.2,NP_416790.1,-1,-1,2402054,2403845,2403950,2404613,2559,1,2404613,2402054,0
2242,NP_416791.3,NP_416792.1,-1,-1,2404628,2405072,2405702,2406641,2013,0,2406641,2404628,0
2243,NP_416792.1,NP_416793.1,-1,1,2405702,2406641,2407560,2408778,3076,0,2408778,2405702,0
2246,NP_416795.1,NP_416796.2,-1,-1,2409519,2411352,2411438,2412089,2570,0,2412089,2409519,0
2265,NP_416814.1,NP_416815.1,-1,-1,2428056,2428626,2428720,2430238,2182,1,2430238,2428056,0
2266,NP_416815.1,NP_416816.1,-1,-1,2428720,2430238,2430274,2430763,2043,1,2430763,2428720,0
2269,NP_416818.1,NP_416819.1,-1,-1,2431673,2432942,2433011,2433926,2253,0,2433926,2431673,0
2273,NP_416822.1,NP_416823.1,-1,-1,2435635,2436649,2436714,2437851,2216,1,2437851,2435635,0
2274,NP_416823.1,NP_416824.1,-1,1,2436714,2437851,2437949,2438945,2231,0,2438945,2436714,0
2276,NP_416825.1,NP_416826.1,-1,-1,2438941,2440120,2440384,2441605,2664,0,2441605,2438941,0
2277,NP_416826.1,NP_416827.4,-1,1,2440384,2441605,2441763,2443770,3386,0,2443770,2440384,0
2283,NP_416832.1,NP_416833.4,-1,-1,2446387,2447473,2447507,2448440,2053,1,2448440,2446387,0
2290,NP_416839.1,NP_416841.1,-1,-1,2451583,2452336,2455082,2455646,4063,0,2455646,2451583,0
2292,NP_416842.1,NP_416843.1,-1,-1,2456326,2456812,2457014,2459159,2833,0,2459159,2456326,0
2293,NP_416843.1,NP_416844.1,-1,-1,2457014,2459159,2459158,2460469,3455,1,2460469,2457014,0
2316,NP_416865.1,NP_416866.1,-1,1,2476693,2477629,2477846,2479184,2491,0,2479184,2476693,0
2319,NP_416868.1,NP_416869.1,-1,-1,2480637,2482176,2482175,2483339,2702,1,2483339,2480637,0
2324,NP_416872.4,NP_416873.1,-1,-1,2488022,2489168,2489241,2490186,2164,1,2490186,2488022,0
2325,NP_416873.1,NP_416874.1,-1,-1,2489241,2490186,2490255,2491950,2709,1,2491950,2489241,0
2326,NP_416874.1,NP_416875.1,-1,-1,2490255,2491950,2492003,2493254,2999,1,2493254,2490255,0
2327,NP_416875.1,NP_416876.1,-1,-1,2492003,2493254,2493766,2494402,2399,1,2494402,2492003,0
2333,NP_416880.1,NP_416881.1,-1,1,2497056,2498295,2498670,2500368,3312,0,2500368,2497056,0
2337,NP_416884.1,NP_416885.1,-1,-1,2501989,2504485,2504509,2505547,3558,1,2505547,2501989,0
2338,NP_416885.1,NP_416886.1,-1,-1,2504509,2505547,2505546,2506632,2123,1,2506632,2504509,0
2339,NP_416886.1,NP_416887.1,-1,-1,2505546,2506632,2506646,2507894,2348,1,2507894,2505546,0
2342,NP_416889.1,NP_416890.1,-1,1,2508460,2509426,2509629,2510886,2426,0,2510886,2508460,0
2349,NP_416896.4,NP_416897.2,-1,1,2515642,2517832,2518466,2518811,3169,0,2518811,2515642,0
2352,NP_416899.1,NP_416900.1,-1,-1,2519256,2520672,2521592,2522477,3221,0,2522477,2519256,0
2353,NP_416900.1,NP_416901.1,-1,-1,2521592,2522477,2522728,2523985,2393,0,2523985,2521592,0
2354,NP_416901.1,NP_416902.1,-1,-1,2522728,2523985,2524044,2524878,2150,1,2524878,2522728,0
2357,NP_416904.1,NP_416905.1,-1,1,2525929,2526856,2526945,2527944,2015,0,2527944,2525929,0
2359,YP_588464.1,NP_416906.1,-1,-1,2527940,2528159,2528160,2530176,2236,1,2530176,2527940,0
2360,NP_416906.1,NP_416907.1,-1,-1,2528160,2530176,2530246,2531233,3073,0,2531233,2528160,0
2370,NP_416916.1,NP_416917.1,-1,-1,2538671,2539583,2539716,2540814,2143,1,2540814,2538671,0
2374,NP_416920.1,NP_416921.4,-1,-1,2542511,2543528,2543831,2544623,2112,0,2544623,2542511,0
2389,NP_416935.1,NP_416936.4,-1,-1,2556409,2557297,2557317,2558679,2270,1,2558679,2556409,0
2390,NP_416936.4,NP_416937.2,-1,1,2557317,2558679,2558857,2560066,2749,0,2560066,2557317,0
2400,NP_416946.1,NP_416947.1,-1,-1,2565480,2566884,2566880,2568107,2627,1,2568107,2565480,0
2401,NP_416947.1,NP_416948.4,-1,-1,2566880,2568107,2568323,2569511,2631,0,2569511,2566880,0
2402,NP_416948.4,NP_416949.1,-1,-1,2568323,2569511,2569500,2570337,2014,1,2570337,2568323,0
2403,NP_416949.1,NP_416950.1,-1,-1,2569500,2570337,2570347,2571751,2251,1,2571751,2569500,0
2411,NP_416957.4,NP_416958.1,-1,-1,2575469,2575805,2576097,2578377,2908,0,2578377,2575469,0
2412,NP_416958.1,NP_416959.1,-1,1,2576097,2578377,2578665,2579616,3519,0,2579616,2576097,0
2416,NP_416962.1,NP_416963.1,-1,-1,2582902,2583478,2583545,2585525,2623,0,2585525,2582902,0
2417,NP_416963.1,NP_416964.1,-1,1,2583545,2585525,2585730,2587431,3886,0,2587431,2583545,0
2424,NP_416968.2,NP_416969.1,-1,-1,2593071,2593770,2593843,2595859,2788,0,2595859,2593071,0
2425,NP_416969.1,NP_416970.1,-1,-1,2593843,2595859,2595873,2596737,2894,1,2596737,2593843,0
2444,NP_416988.1,NP_416989.1,-1,1,2614819,2615881,2616093,2617557,2738,0,2617557,2614819,0
2447,NP_416991.2,NP_416992.1,-1,-1,2618074,2618776,2618870,2620160,2086,0,2620160,2618074,0
2448,NP_416992.1,NP_416993.2,-1,-1,2618870,2620160,2620245,2620872,2002,1,2620872,2618870,0
2454,NP_416998.1,NP_416999.1,-1,1,2626694,2628938,2629289,2629481,2787,0,2629481,2626694,0
2458,NP_417002.1,NP_417003.1,-1,-1,2630957,2632535,2632603,2634070,3113,1,2634070,2630957,0
2459,NP_417003.1,NP_417004.1,-1,1,2632603,2634070,2634231,2635602,2999,0,2635602,2632603,0
2462,NP_417006.2,NP_417007.1,-1,-1,2635883,2637356,2637473,2638652,2769,1,2638652,2635883,0
2465,NP_417009.1,NP_417010.1,-1,-1,2639300,2640575,2640685,2641804,2504,0,2641804,2639300,0
2466,NP_417010.1,NP_417011.1,-1,-1,2640685,2641804,2641830,2642844,2159,0,2642844,2640685,0
2467,NP_417011.1,NP_417012.1,-1,-1,2641830,2642844,2643128,2644283,2453,0,2644283,2641830,0
2469,NP_417013.1,NP_417014.1,-1,-1,2644432,2644864,2645012,2647325,2893,0,2647325,2644432,0
2470,NP_417014.1,NP_417015.1,-1,-1,2645012,2647325,2647325,2652287,7275,1,2652287,2645012,0
2471,NP_417015.1,NP_417016.4,-1,1,2647325,2652287,2652493,2653339,6014,0,2653339,2647325,0
2474,NP_417017.4,NP_417018.4,-1,-1,2654156,2654933,2655074,2656358,2202,0,2656358,2654156,0
2477,NP_417020.1,NP_417021.1,-1,-1,2656747,2657083,2657084,2658935,2188,1,2658935,2656747,0
2478,NP_417021.1,NP_417022.1,-1,-1,2657084,2658935,2658951,2659467,2383,1,2659467,2657084,0
2488,NP_417031.1,NP_417032.1,-1,-1,2666706,2667846,2668005,2668896,2190,0,2668896,2666706,0
2490,YP_008592385.1,NP_417033.1,-1,1,2668005,2668071,2669031,2670393,2388,0,2670393,2668005,0
2498,NP_417040.2,NP_417041.1,-1,-1,2674699,2675761,2675826,2676825,2126,0,2676825,2674699,0
2499,NP_417041.1,NP_417042.1,-1,-1,2675826,2676825,2676849,2678361,2535,1,2678361,2675826,0
2500,NP_417042.1,NP_417043.1,-1,-1,2676849,2678361,2678383,2679367,2518,1,2679367,2676849,0
2501,NP_417043.1,NP_417044.4,-1,-1,2678383,2679367,2679463,2682745,4362,0,2682745,2678383,0
2502,NP_417044.4,NP_417045.4,-1,1,2679463,2682745,2682862,2684056,4593,0,2684056,2679463,0
2504,NP_417046.1,NP_417047.1,-1,1,2684253,2685507,2685834,2687025,2772,0,2687025,2684253,0
2507,NP_417049.1,NP_417050.1,-1,-1,2687468,2688803,2688792,2689506,2038,0,2689506,2687468,0
2508,NP_417050.1,NP_417051.2,-1,-1,2688792,2689506,2689670,2691098,2306,0,2691098,2688792,0
2509,NP_417051.2,YP_026170.1,-1,-1,2689670,2691098,2691655,2695543,5873,0,2695543,2689670,0
2510,YP_026170.1,NP_417053.2,-1,1,2691655,2695543,2695800,2697357,5702,0,2697357,2691655,0
2522,NP_417063.1,NP_417064.1,-1,-1,2704334,2705309,2705324,2707124,2790,1,2707124,2704334,0
2523,NP_417064.1,NP_417065.1,-1,-1,2705324,2707124,2707321,2707801,2477,0,2707801,2705324,0
2528,YP_009518806.1,NP_417069.1,-1,1,2710008,2710164,2710419,2712042,2034,0,2712042,2710008,0
2530,NP_417070.2,NP_417071.1,-1,1,2712026,2712764,2712895,2714230,2204,0,2714230,2712026,0
2544,YP_010051193.1,NP_417083.1,1,-1,2725924,2725987,2731599,2734173,5612,0,2725987,2731599,0
2545,NP_417083.1,YP_010051194.1,-1,-1,2731599,2734173,2731599,2733729,2130,0,2733729,2731599,0
2546,YP_010051194.1,NP_417084.1,-1,-1,2731599,2733729,2734302,2735034,3435,0,2735034,2731599,0
2553,NP_417091.1,NP_417092.1,-1,-1,2738947,2740069,2740079,2741150,2203,1,2741150,2738947,0
2563,NP_417101.1,NP_417102.4,-1,1,2746433,2747795,2747961,2748753,2320,0,2748753,2746433,0
2578,NP_417116.1,NP_417117.1,-1,-1,2761350,2763540,2763536,2765153,3803,1,2765153,2761350,0
2579,NP_417117.1,NP_417118.1,-1,-1,2763536,2765153,2765512,2765776,2240,0,2765776,2763536,0
2589,YP_009518807.1,NP_417129.1,-1,1,2771839,2772154,2773317,2775021,3182,0,2775021,2771839,0
2596,NP_417134.2,YP_009518808.1,-1,-1,2778145,2782726,2783637,2784429,6284,0,2784429,2778145,0
2598,YP_009518809.1,NP_417145.4,-1,1,2784528,2785011,2788984,2789962,5434,0,2789962,2784528,0
2625,NP_417172.1,NP_417173.1,-1,-1,2814217,2814733,2814882,2816439,2222,0,2816439,2814217,0
2626,NP_417173.1,NP_417174.1,-1,-1,2814882,2816439,2816511,2816940,2058,0,2816940,2814882,0
2628,NP_417175.1,NP_417176.1,-1,-1,2816936,2817503,2818960,2819146,2210,0,2819146,2816936,0
2629,NP_417176.1,NP_417177.1,-1,-1,2818960,2819146,2819380,2822011,3051,0,2822011,2818960,0
2630,NP_417177.1,NP_417178.1,-1,-1,2819380,2822011,2822138,2822639,3259,0,2822639,2819380,0
2642,NP_417189.2,NP_417190.1,-1,1,2830774,2832289,2832475,2833915,3141,0,2833915,2830774,0
2645,NP_417192.1,NP_417193.1,-1,-1,2835172,2837425,2837577,2838105,2933,1,2838105,2835172,0
2647,NP_417194.2,YP_026182.1,-1,1,2838253,2839264,2839523,2840981,2728,0,2840981,2838253,0
2653,NP_417200.1,NP_417201.1,-1,-1,2844209,2844752,2844761,2846471,2262,1,2846471,2844209,0
2654,NP_417201.1,NP_417202.1,-1,-1,2844761,2846471,2846488,2847412,2651,1,2847412,2844761,0
2655,NP_417202.1,NP_417203.1,-1,-1,2846488,2847412,2847414,2849241,2753,1,2849241,2846488,0
2656,NP_417203.1,NP_417204.1,-1,-1,2847414,2849241,2849237,2849849,2435,1,2849849,2847414,0
2665,NP_417212.1,NP_417213.1,-1,1,2856452,2856806,2857092,2859654,3202,0,2859654,2856452,0
2674,NP_417221.1,NP_417222.1,-1,-1,2866558,2867551,2867613,2868753,2195,1,2868753,2866558,0
2683,NP_417230.1,NP_417231.1,-1,-1,2873386,2873992,2873991,2875419,2033,1,2875419,2873386,0
2684,NP_417231.1,NP_417232.1,-1,-1,2873991,2875419,2875420,2876329,2338,1,2876329,2873991,0
2685,NP_417232.1,NP_417233.1,-1,1,2875420,2876329,2876580,2877618,2198,0,2877618,2875420,0
2693,NP_417240.1,NP_417241.1,-1,-1,2882629,2884138,2884552,2887219,4590,0,2887219,2882629,0
2694,NP_417241.1,NP_417242.1,-1,-1,2884552,2887219,2887577,2888312,3760,0,2888312,2884552,0
2695,NP_417242.1,NP_417243.1,-1,-1,2887577,2888312,2888386,2890099,2522,1,2890099,2887577,0
2696,NP_417243.1,NP_417244.1,-1,-1,2888386,2890099,2890098,2891898,3512,1,2891898,2888386,0
2697,NP_417244.1,NP_417245.1,-1,1,2890098,2891898,2892213,2892579,2481,0,2892579,2890098,0
2703,NP_417250.4,NP_417251.2,-1,-1,2895775,2896555,2896532,2897870,2095,0,2897870,2895775,0
2704,NP_417251.2,YP_026183.1,-1,-1,2896532,2897870,2897963,2899418,2886,0,2899418,2896532,0
2705,YP_026183.1,NP_417254.4,-1,-1,2897963,2899418,2899487,2900273,2310,0,2900273,2897963,0
2706,NP_417254.4,NP_417255.1,-1,1,2899487,2900273,2900591,2901869,2382,0,2901869,2899487,0
2712,NP_417259.1,NP_417260.1,-1,-1,2906642,2907941,2908028,2909666,3024,1,2909666,2906642,0
2713,NP_417260.1,NP_417261.1,-1,-1,2908028,2909666,2909893,2910685,2657,0,2910685,2908028,0
2716,NP_417263.1,NP_417264.1,-1,-1,2911090,2911339,2911416,2913651,2561,1,2913651,2911090,0
2717,NP_417264.1,NP_417265.1,-1,-1,2911416,2913651,2913698,2915000,3584,0,2915000,2911416,0
2718,NP_417265.1,NP_417266.1,-1,1,2913698,2915000,2915056,2917813,4115,0,2917813,2913698,0
2720,NP_417267.1,NP_417268.1,-1,-1,2918044,2919385,2919405,2920746,2702,1,2920746,2918044,0
2721,NP_417268.1,NP_417269.1,-1,-1,2919405,2920746,2920747,2922100,2695,1,2922100,2919405,0
2722,NP_417269.1,NP_417270.1,-1,-1,2920747,2922100,2922534,2922984,2237,0,2922984,2920747,0
2733,NP_417280.1,NP_417281.1,-1,1,2933040,2933688,2934234,2935551,2511,0,2935551,2933040,0
2745,NP_417292.1,NP_417293.1,-1,-1,2945035,2945842,2946080,2947178,2143,0,2947178,2945035,0
2746,NP_417293.1,NP_417294.4,-1,-1,2946080,2947178,2947756,2949010,2930,0,2949010,2946080,0
2747,NP_417294.4,NP_417295.1,-1,1,2947756,2949010,2949241,2950573,2817,0,2950573,2947756,0
2749,NP_417296.1,NP_417297.1,-1,-1,2950634,2952461,2952460,2956003,5369,1,2956003,2950634,0
2750,NP_417297.1,NP_417298.1,-1,-1,2952460,2956003,2955995,2958884,6424,1,2958884,2952460,0
2751,NP_417298.1,NP_417299.1,-1,-1,2955995,2958884,2959059,2962428,6433,0,2962428,2955995,0
2752,NP_417299.1,NP_417300.1,-1,-1,2959059,2962428,2962440,2962764,3705,1,2962764,2959059,0
2758,NP_417305.1,NP_417306.1,-1,-1,2965161,2966037,2966187,2968434,3273,0,2968434,2965161,0
2759,NP_417306.1,NP_417307.1,-1,-1,2966187,2968434,2968446,2968977,2790,1,2968977,2966187,0
2766,NP_417312.1,NP_417313.1,-1,-1,2972668,2973862,2973854,2976014,3346,1,2976014,2972668,0
2767,NP_417313.1,NP_417314.1,-1,1,2973854,2976014,2976598,2977630,3776,0,2977630,2973854,0
2769,NP_417315.1,NP_417316.1,-1,1,2977636,2978899,2979020,2979956,2320,0,2979956,2977636,0
2771,NP_417317.1,NP_417318.1,-1,-1,2979942,2980635,2980763,2982182,2240,1,2982182,2979942,0
2772,NP_417318.1,NP_417319.1,-1,-1,2980763,2982182,2982496,2983258,2495,0,2983258,2980763,0
2774,NP_417320.1,NP_417321.2,-1,-1,2983287,2984124,2984410,2985592,2305,0,2985592,2983287,0
2775,NP_417321.2,NP_417322.1,-1,1,2984410,2985592,2985846,2987076,2666,0,2987076,2984410,0
2784,NP_417330.1,NP_418693.1,1,1,2993637,2993856,4498594,4499500,1504738,0,2993856,4498594,1370
2785,NP_418693.1,YP_026163.2,1,-1,4498594,4499500,2069814,2070180,2429686,1,4499500,2069814,0
2786,YP_026163.2,YP_009518811.1,-1,-1,2069814,2070180,2998033,2998828,929014,0,2998828,2069814,0
2788,NP_417341.4,NP_417342.1,-1,1,2999135,2999891,3000344,3002603,3468,0,3002603,2999135,0
2792,NP_417345.1,YP_026185.1,-1,1,3004007,3005786,3006261,3007452,3445,0,3007452,3004007,0
2798,NP_417351.1,NP_417352.2,-1,-1,3012613,3014239,3014286,3015057,2444,0,3015057,3012613,0
2808,NP_417362.4,NP_417363.2,-1,-1,3028523,3029012,3029011,3030931,2408,1,3030931,3028523,0
2809,NP_417363.2,NP_417364.2,-1,1,3029011,3030931,3031366,3032815,3804,0,3032815,3029011,0
2814,NP_417366.1,NP_417367.1,-1,-1,3033656,3035174,3035183,3036282,2626,0,3036282,3033656,0
2815,NP_417367.1,NP_417368.1,-1,-1,3035183,3036282,3036372,3038106,2923,0,3038106,3035183,0
2816,NP_417368.1,NP_417369.1,-1,-1,3036372,3038106,3038111,3038822,2450,1,3038822,3036372,0
2826,NP_417378.1,NP_417379.1,-1,-1,3045157,3045901,3046167,3049041,3884,0,3049041,3045157,0
2827,NP_417379.1,NP_417380.1,-1,-1,3046167,3049041,3049159,3049549,3382,1,3049549,3046167,0
2831,NP_417382.1,NP_417383.1,-1,-1,3051114,3052317,3052339,3053518,2404,1,3053518,3051114,0
2832,NP_417383.1,NP_417384.1,-1,-1,3052339,3053518,3053514,3054840,2501,1,3054840,3052339,0
2838,NP_417388.1,NP_417389.1,-1,-1,3057177,3058410,3058665,3059325,2148,0,3059325,3057177,0
2848,NP_417399.1,NP_417400.1,-1,-1,3068946,3069807,3070164,3071244,2298,0,3071244,3068946,0
2849,NP_417400.1,NP_417401.1,-1,-1,3070164,3071244,3071458,3072622,2458,1,3072622,3070164,0
2850,NP_417401.1,NP_417402.1,-1,-1,3071458,3072622,3072671,3073691,2233,1,3073691,3071458,0
2851,NP_417402.1,NP_417403.1,-1,-1,3072671,3073691,3073975,3074689,2018,0,3074689,3072671,0
2854,NP_417405.1,YP_026187.1,-1,-1,3075216,3076182,3076178,3077456,2240,1,3077456,3075216,0
2855,YP_026187.1,NP_417408.1,-1,-1,3076178,3077456,3077470,3078859,2681,1,3078859,3076178,0
2857,NP_417409.1,YP_026188.1,-1,-1,3078886,3079330,3079643,3081635,2749,0,3081635,3078886,0
2858,YP_026188.1,NP_417411.2,-1,1,3079643,3081635,3081912,3082671,3028,0,3082671,3079643,0
2860,NP_417412.1,NP_417413.1,-1,-1,3082876,3083797,3083934,3085911,3035,1,3085911,3082876,0
2861,NP_417413.1,NP_417414.2,-1,-1,3083934,3085911,3085919,3086051,2117,0,3086051,3083934,0
2880,NP_417431.1,NP_417432.1,-1,-1,3098557,3099565,3099681,3100728,2171,0,3100728,3098557,0
2889,NP_417440.4,YP_010051196.1,-1,-1,3107019,3109155,3109316,3109400,2381,0,3109400,3107019,0
2897,NP_417446.4,YP_026189.1,-1,-1,3113542,3114352,3114549,3119112,5570,0,3119112,3113542,0
2898,YP_026189.1,NP_417449.1,-1,-1,3114549,3119112,3119596,3121279,6730,0,3121279,3114549,0
2899,NP_417449.1,NP_417450.1,-1,-1,3119596,3121279,3121633,3123805,4209,1,3123805,3119596,0
2900,NP_417450.1,NP_417451.1,-1,-1,3121633,3123805,3123826,3124231,2598,1,3124231,3121633,0
2902,YP_026190.1,YP_026191.1,-1,-1,3124235,3125459,3125469,3126522,2287,1,3126522,3124235,0
2903,YP_026191.1,NP_417453.1,-1,-1,3125469,3126522,3126521,3128021,2552,1,3128021,3125469,0
2904,NP_417453.1,NP_417454.1,-1,1,3126521,3128021,3128271,3129036,2515,0,3129036,3126521,0
2906,YP_009518815.1,YP_009518770.2,-1,1,3129042,3130215,1396111,1397092,1731950,0,1397092,3129042,1609
2907,YP_009518770.2,YP_026192.1,1,-1,1396111,1397092,3131340,3132408,1734248,0,1397092,3131340,1611
2912,NP_417461.1,NP_417462.1,-1,-1,3134871,3136371,3136662,3138522,3651,0,3138522,3134871,0
2913,NP_417462.1,NP_417463.4,-1,1,3136662,3138522,3138726,3139593,2931,0,3139593,3136662,0
2918,NP_417467.1,NP_417468.1,-1,-1,3140791,3141286,3141285,3142989,2198,1,3142989,3140791,0
2919,NP_417468.1,NP_417469.1,-1,-1,3141285,3142989,3142985,3144164,2879,1,3144164,3141285,0
2920,NP_417469.1,NP_417470.1,-1,-1,3142985,3144164,3144153,3145140,2155,1,3145140,3142985,0
2921,NP_417470.1,NP_417471.1,-1,-1,3144153,3145140,3145142,3146261,2108,1,3146261,3144153,0
2929,NP_417479.1,NP_417481.1,-1,1,3151249,3151984,3152235,3153423,2174,0,3153423,3151249,0
2932,NP_417483.2,NP_417484.1,-1,1,3154261,3155218,3155354,3156518,2257,0,3156518,3154261,0
2937,YP_026196.1,NP_417489.1,-1,-1,3158926,3161146,3161256,3162669,3743,0,3162669,3158926,0
2938,NP_417489.1,NP_417490.1,-1,-1,3161256,3162669,3162743,3163481,2225,0,3163481,3161256,0
2939,NP_417490.1,NP_417491.1,-1,-1,3162743,3163481,3163714,3165973,3230,0,3165973,3162743,0
2940,NP_417491.1,NP_417492.1,-1,-1,3163714,3165973,3166110,3167718,4004,0,3167718,3163714,0
2941,NP_417492.1,NP_417493.1,-1,-1,3166110,3167718,3167850,3168246,2136,0,3168246,3166110,0
2951,NP_417502.1,NP_417503.1,-1,-1,3173503,3175396,3175424,3176006,2503,1,3176006,3173503,0
2955,NP_417506.1,NP_417507.2,-1,1,3177280,3177910,3178114,3179596,2316,0,3179596,3177280,0
2964,YP_026163.2,NP_418693.1,-1,1,2069814,2070180,4498594,4499500,2429686,1,4499500,2069814,0
2965,NP_418693.1,NP_417519.4,1,1,4498594,4499500,3189880,3190630,1309620,1,4499500,3189880,0
2973,NP_417524.1,NP_417525.1,-1,-1,3195319,3196753,3196800,3199641,4322,0,3199641,3195319,0
2974,NP_417525.1,NP_417526.1,-1,-1,3196800,3199641,3199663,3200965,4165,1,3200965,3196800,0
2975,NP_417526.1,NP_417527.1,-1,1,3199663,3200965,3201206,3201827,2164,0,3201827,3199663,0
2981,NP_417532.1,NP_417533.1,-1,1,3205323,3206256,3206462,3207374,2051,0,3207374,3205323,0
2992,NP_417543.1,NP_417544.5,-1,1,3217555,3219076,3219493,3220873,3318,0,3220873,3217555,0
3010,NP_417561.1,NP_417562.1,-1,-1,3241192,3241744,3241826,3243314,2122,0,3243314,3241192,0
3011,NP_417562.1,NP_417563.1,-1,-1,3241826,3243314,3243328,3244741,2915,1,3244741,3241826,0
3012,NP_417563.1,NP_417564.2,-1,1,3243328,3244741,3245223,3246522,3194,0,3246522,3243328,0
3029,YP_026202.1,YP_026203.3,-1,-1,3255340,3256651,3256678,3258010,2670,1,3258010,3255340,0
3030,YP_026203.3,YP_026204.1,-1,-1,3256678,3258010,3258284,3259649,2971,0,3259649,3256678,0
3032,NP_417583.4,YP_026205.1,-1,-1,3259720,3260110,3260123,3262418,2698,1,3262418,3259720,0
3033,YP_026205.1,NP_417585.2,-1,-1,3260123,3262418,3262451,3263660,3537,1,3263660,3260123,0
3034,NP_417585.2,NP_417586.1,-1,-1,3262451,3263660,3263685,3265017,2566,1,3265017,3262451,0
3035,NP_417586.1,NP_417587.1,-1,-1,3263685,3265017,3265038,3266028,2343,1,3266028,3263685,0
3036,NP_417587.1,NP_417588.1,-1,-1,3265038,3266028,3266126,3267065,2027,1,3267065,3265038,0
3041,NP_417593.4,NP_417594.3,-1,-1,3270624,3271770,3271866,3272751,2127,1,3272751,3270624,0
3043,NP_417595.1,NP_417596.1,-1,-1,3272786,3273557,3273572,3274907,2121,1,3274907,3272786,0
3044,NP_417596.1,NP_417597.1,-1,1,3273572,3274907,3275281,3276853,3281,0,3276853,3273572,0
3048,NP_417600.1,NP_417601.1,-1,1,3277855,3278665,3278913,3280194,2339,0,3280194,3277855,0
3061,NP_417615.1,NP_417616.1,-1,1,3292474,3293335,3293399,3295436,2962,0,3295436,3292474,0
3076,NP_417630.1,NP_417631.2,-1,-1,3304572,3305817,3305970,3307860,3288,0,3307860,3304572,0
3079,NP_417632.1,NP_417633.4,-1,-1,3308039,3308924,3309032,3311168,3129,0,3311168,3308039,0
3080,NP_417633.4,NP_417634.1,-1,-1,3309032,3311168,3311414,3311684,2652,1,3311684,3309032,0
3083,NP_417636.1,NP_417637.1,-1,-1,3312776,3313178,3313341,3316014,3238,1,3316014,3312776,0
3084,NP_417637.1,YP_010283915.1,-1,-1,3313341,3316014,3313341,3315543,2202,0,3315543,3313341,0
3085,YP_010283915.1,YP_010283916.1,-1,-1,3313341,3315543,3313341,3315522,2181,0,3315522,3313341,0
3086,YP_010283916.1,NP_417638.1,-1,-1,3313341,3315522,3316038,3317526,4185,0,3317526,3313341,0
3088,NP_417639.6,NP_417640.1,-1,1,3317553,3318006,3318636,3319980,2427,0,3319980,3317553,0
3090,NP_417641.4,NP_417642.1,-1,-1,3319987,3321613,3322172,3322505,2518,0,3322505,3319987,0
3092,NP_417643.1,NP_417644.4,-1,-1,3322732,3324070,3324062,3324911,2179,1,3324911,3322732,0
3093,NP_417644.4,NP_417645.1,-1,-1,3324062,3324911,3325000,3326935,2873,0,3326935,3324062,0
3094,NP_417645.1,NP_417646.1,-1,-1,3325000,3326935,3327034,3327664,2664,1,3327664,3325000,0
3097,NP_417648.4,NP_417649.1,-1,1,3328238,3328715,3328962,3330396,2158,0,3330396,3328238,0
3099,NP_417650.1,NP_417651.1,-1,-1,3330581,3331754,3331769,3332735,2154,1,3332735,3330581,0
3125,NP_417676.2,YP_026207.1,-1,-1,3349805,3350459,3350688,3353025,3220,0,3353025,3349805,0
3126,YP_026207.1,NP_417678.1,-1,-1,3350688,3353025,3353120,3354050,3362,0,3354050,3350688,0
3127,NP_417678.1,NP_417679.2,-1,1,3353120,3354050,3354724,3359185,6065,0,3359185,3353120,0
3132,YP_009518770.2,NP_417686.1,1,1,1396111,1397092,3366925,3367642,1969833,0,1397092,3366925,1838
3137,NP_417690.1,NP_417691.4,-1,-1,3370346,3371036,3371083,3372574,2228,1,3372574,3370346,0
3138,NP_417691.4,NP_417692.1,-1,-1,3371083,3372574,3372682,3373576,2493,1,3373576,3371083,0
3140,NP_417693.3,NP_417694.1,-1,1,3373697,3374489,3374868,3376236,2539,0,3376236,3373697,0
3153,NP_417706.1,NP_417707.1,-1,-1,3385856,3386129,3386220,3388188,2332,0,3388188,3385856,0
3154,NP_417707.1,NP_417708.1,-1,-1,3386220,3388188,3388193,3389126,2906,1,3389126,3386220,0
3158,NP_417711.1,YP_026208.1,-1,-1,3390582,3392028,3392457,3396258,5676,0,3396258,3390582,0
3159,YP_026208.1,NP_417713.2,-1,-1,3392457,3396258,3396325,3397795,5338,0,3397795,3392457,0
3160,NP_417713.2,NP_417714.1,-1,-1,3396325,3397795,3397784,3398378,2053,0,3398378,3396325,0
3163,NP_417716.1,NP_417717.2,-1,-1,3398874,3399978,3400043,3401087,2213,1,3401087,3398874,0
3164,NP_417717.2,NP_417718.1,-1,-1,3400043,3401087,3401391,3403332,3289,0,3403332,3400043,0
3165,NP_417718.1,NP_417719.1,-1,1,3401391,3403332,3403483,3404458,3067,0,3404458,3401391,0
3176,NP_417730.1,NP_417731.1,-1,1,3412802,3413465,3413863,3415021,2219,0,3415021,3412802,0
3182,NP_417737.1,NP_417738.4,1,1,3422435,3423194,3429235,3429790,6041,0,3423194,3429235,0
3227,NP_417782.1,NP_417783.1,-1,1,3453928,3455398,3455577,3456393,2465,0,3456393,3453928,0
3241,NP_417796.1,NP_417797.1,-1,-1,3466796,3466991,3467159,3469853,3057,0,3469853,3466796,0
3242,NP_417797.1,NP_417798.1,-1,-1,3467159,3469853,3470144,3471329,4170,0,3471329,3467159,0
3243,NP_417798.1,NP_417799.1,-1,-1,3470144,3471329,3471399,3473514,3370,1,3473514,3470144,0
3244,NP_417799.1,NP_417800.1,-1,-1,3471399,3473514,3473541,3474081,2682,1,3474081,3471399,0
3254,YP_588468.1,NP_417809.1,-1,-1,3478591,3478792,3478801,3480607,2016,1,3480607,3478591,0
3255,NP_417809.1,NP_417810.1,-1,-1,3478801,3480607,3480606,3481161,2360,1,3481161,3478801,0
3256,NP_417810.1,NP_417811.1,-1,1,3480606,3481161,3481288,3483202,2596,0,3483202,3480606,0
3269,NP_417822.1,NP_417823.1,-1,1,3491724,3492297,3492567,3493749,2025,0,3493749,3491724,0
3281,NP_417835.1,NP_417836.1,-1,-1,3504934,3506020,3506031,3507336,2402,1,3507336,3504934,0
3284,NP_417838.1,NP_417839.1,-1,-1,3507711,3508590,3508586,3509813,2102,1,3509813,3507711,0
3285,NP_417839.1,NP_417840.1,-1,-1,3508586,3509813,3509812,3510976,2390,1,3510976,3508586,0
3288,YP_026214.1,NP_417843.1,-1,-1,3511438,3512344,3512633,3513638,2200,0,3513638,3511438,0
3292,NP_417846.1,NP_417847.1,-1,-1,3515076,3515913,3516019,3517306,2230,1,3517306,3515076,0
3293,NP_417847.1,NP_417848.1,-1,-1,3516019,3517306,3517397,3518486,2467,1,3518486,3516019,0
3295,YP_026215.2,NP_417850.1,-1,-1,3518542,3519064,3519464,3520703,2161,0,3520703,3518542,0
3300,NP_417854.4,NP_417855.4,-1,1,3521971,3522751,3522870,3525423,3452,0,3525423,3521971,0
3302,NP_417856.1,NP_417857.1,-1,1,3525588,3526149,3526468,3528604,3016,0,3528604,3525588,0
3307,NP_417861.1,NP_417862.1,-1,1,3530714,3532439,3532817,3534440,3726,0,3534440,3530714,0
3309,NP_417863.1,NP_417864.1,-1,-1,3534515,3535868,3535864,3536584,2069,1,3536584,3534515,0
3321,NP_417875.1,YP_026218.1,-1,-1,3547985,3550070,3550079,3552473,4488,1,3552473,3547985,0
3322,YP_026218.1,NP_417877.1,-1,1,3550079,3552473,3553084,3555790,5711,0,3555790,3550079,0
3324,YP_026219.1,NP_417879.1,-1,-1,3555832,3556849,3556852,3558079,2247,1,3558079,3555832,0
3325,NP_417879.1,NP_417880.1,-1,1,3556852,3558079,3558267,3559866,3014,0,3559866,3556852,0
3328,NP_417883.1,NP_417884.1,-1,1,3561496,3561823,3562012,3563518,2022,0,3563518,3561496,0
3330,YP_009518819.1,NP_417886.1,-1,-1,3563723,3564005,3564133,3566581,2858,0,3566581,3563723,0
3331,NP_417886.1,NP_417887.1,-1,-1,3564133,3566581,3566599,3568033,3900,1,3568033,3564133,0
3332,NP_417887.1,NP_417888.1,-1,-1,3566599,3568033,3568032,3569328,2729,1,3569328,3566599,0
3333,NP_417888.1,NP_417889.1,-1,-1,3568032,3569328,3569345,3571319,3287,1,3571319,3568032,0
3334,NP_417889.1,NP_417890.1,-1,-1,3569345,3571319,3571315,3573502,4157,1,3573502,3569345,0
3335,NP_417890.1,YP_010051201.1,-1,-1,3571315,3573502,3573659,3573701,2386,0,3573701,3571315,0
3347,YP_009518739.1,YP_009518820.1,-1,1,257922,258426,3584403,3584559,3326637,0,3584559,257922,0
3350,NP_417904.1,NP_417905.1,-1,1,3585080,3586823,3586942,3587383,2303,0,3587383,3585080,0
3355,NP_417909.1,NP_417910.1,-1,-1,3590023,3590911,3591008,3592325,2302,1,3592325,3590023,0
3356,NP_417910.1,NP_417911.4,-1,-1,3591008,3592325,3592723,3593437,2429,0,3593437,3591008,0
3358,NP_417912.1,NP_417913.1,-1,-1,3593438,3594206,3594202,3595480,2042,1,3595480,3593438,0
3359,NP_417913.1,NP_417914.1,-1,-1,3594202,3595480,3595476,3596403,2201,1,3596403,3594202,0
3360,NP_417914.1,NP_417915.1,-1,-1,3595476,3596403,3596450,3597560,2084,1,3597560,3595476,0
3363,YP_026223.1,NP_417918.1,-1,-1,3598554,3599658,3599928,3600783,2229,0,3600783,3598554,0
3364,NP_417918.1,NP_417919.1,-1,-1,3599928,3600783,3601027,3602086,2158,0,3602086,3599928,0
3366,NP_417920.1,NP_417921.1,-1,-1,3602078,3602747,3602749,3604243,2165,1,3604243,3602078,0
3367,NP_417921.1,NP_417922.1,-1,1,3602749,3604243,3604392,3604989,2240,0,3604989,3602749,0
3376,NP_417930.2,NP_417931.4,-1,1,3610515,3611733,3611864,3612914,2399,0,3612914,3610515,0
3388,NP_417942.6,YP_026225.1,-1,-1,3625678,3626803,3626802,3629538,3860,1,3629538,3625678,0
3389,YP_026225.1,NP_417944.1,-1,-1,3626802,3629538,3629534,3630602,3800,1,3630602,3626802,0
3392,NP_417945.1,NP_417948.4,-1,1,3630967,3632590,3634840,3635893,4926,0,3635893,3630967,0
3394,NP_417949.1,NP_417950.1,-1,1,3636207,3637410,3637641,3639141,2934,0,3639141,3636207,0
3401,NP_417954.1,NP_417955.1,-1,-1,3642379,3643132,3643139,3645182,2803,1,3645182,3642379,0
3402,NP_417955.1,NP_417956.1,-1,1,3643139,3645182,3645384,3646227,3088,0,3646227,3643139,0
3408,YP_009518770.2,NP_417963.4,1,1,1396111,1397092,3653960,3654527,2256868,0,1397092,3653960,2116
3419,NP_417973.1,NP_417974.1,-1,-1,3664985,3665810,3666179,3667580,2595,1,3667580,3664985,0
3420,NP_417974.1,NP_417975.1,-1,-1,3666179,3667580,3667790,3669188,3009,0,3669188,3666179,0
3421,NP_417975.1,NP_417976.1,-1,1,3667790,3669188,3669591,3671241,3451,0,3671241,3667790,0
3423,NP_417977.1,NP_417978.2,-1,1,3671291,3671894,3672413,3673313,2022,0,3673313,3671291,0
3427,NP_417981.2,NP_417982.2,-1,-1,3676289,3678350,3678419,3679187,2898,0,3679187,3676289,0
3430,NP_417984.1,NP_417985.1,-1,-1,3680443,3681940,3682160,3683447,3004,0,3683447,3680443,0
3431,NP_417985.1,NP_417986.4,-1,-1,3682160,3683447,3683629,3685618,3458,0,3685618,3682160,0
3432,NP_417986.4,YP_026226.4,-1,-1,3683629,3685618,3685699,3689173,5544,0,3689173,3683629,0
3433,YP_026226.4,NP_417988.1,-1,-1,3685699,3689173,3689154,3690261,4562,1,3690261,3685699,0
3434,NP_417988.1,NP_417989.1,-1,-1,3689154,3690261,3690267,3692607,3453,1,3692607,3689154,0
3435,NP_417989.1,NP_417990.4,-1,-1,3690267,3692607,3692617,3695236,4969,1,3695236,3690267,0
3436,NP_417990.4,NP_417992.1,-1,-1,3692617,3695236,3695996,3696185,3568,0,3696185,3692617,0
3437,NP_417992.1,NP_417993.1,-1,1,3695996,3696185,3696457,3698029,2033,0,3698029,3695996,0
3446,NP_418000.1,NP_418001.1,-1,-1,3704770,3705790,3706097,3707705,2935,1,3707705,3704770,0
3447,NP_418001.1,NP_418002.2,-1,-1,3706097,3707705,3708783,3710475,4378,0,3710475,3706097,0
3448,NP_418002.2,NP_418003.1,-1,-1,3708783,3710475,3710798,3712007,3224,0,3712007,3708783,0
3449,NP_418003.1,NP_418004.4,-1,-1,3710798,3712007,3712235,3712934,2136,0,3712934,3710798,0
3453,NP_418007.3,YP_026228.1,-1,1,3714060,3716394,3716546,3717206,3146,0,3717206,3714060,0
3463,NP_418016.1,NP_418017.1,-1,-1,3722327,3724397,3724406,3725318,2991,1,3725318,3722327,0
3469,NP_418021.1,NP_418022.1,-1,-1,3727916,3729371,3729442,3730765,2849,1,3730765,3727916,0
3470,NP_418022.1,NP_418023.1,-1,1,3729442,3730765,3731130,3732123,2681,0,3732123,3729442,0
3476,YP_010051207.1,NP_418028.1,-1,1,3737176,3737203,3737496,3739527,2351,0,3739527,3737176,0
3480,NP_418031.1,NP_418032.1,-1,1,3741683,3742532,3742732,3743731,2048,0,3743731,3741683,0
3493,NP_418044.1,NP_418045.4,-1,-1,3754104,3754428,3754972,3756511,2407,0,3756511,3754104,0
3494,NP_418045.4,YP_026233.1,-1,-1,3754972,3756511,3756675,3757827,2855,0,3757827,3754972,0
3495,YP_026233.1,NP_418047.1,-1,-1,3756675,3757827,3758016,3759861,3186,0,3759861,3756675,0
3496,NP_418047.1,NP_418048.1,-1,-1,3758016,3759861,3759857,3761249,3233,1,3761249,3758016,0
3497,NP_418048.1,NP_418049.1,-1,-1,3759857,3761249,3761346,3761955,2098,0,3761955,3759857,0
3498,NP_418049.1,NP_418050.1,-1,1,3761346,3761955,3762182,3766316,4970,0,3766316,3761346,0
3504,NP_418055.1,NP_418056.1,-1,1,3771381,3771744,3772280,3774194,2813,0,3774194,3771381,0
3518,NP_418068.1,NP_418069.1,-1,1,3784583,3785015,3785259,3786804,2221,0,3786804,3784583,0
3522,NP_418072.1,NP_418073.1,-1,-1,3789046,3790081,3790319,3791345,2299,0,3791345,3789046,0
3523,NP_418073.1,NP_418074.1,-1,-1,3790319,3791345,3791354,3792551,2232,1,3792551,3790319,0
3524,NP_418074.1,NP_418075.2,-1,-1,3791354,3792551,3792825,3793683,2329,0,3793683,3791354,0
3525,NP_418075.2,NP_418076.1,-1,1,3792825,3793683,3793986,3794919,2094,0,3794919,3792825,0
3536,NP_418083.1,NP_418084.1,-1,-1,3800982,3801999,3802038,3803058,2076,1,3803058,3800982,0
3537,NP_418084.1,NP_418085.2,-1,-1,3802038,3803058,3803057,3804137,2099,1,3804137,3802038,0
3538,NP_418085.2,NP_418086.1,-1,-1,3803057,3804137,3804180,3805116,2059,1,3805116,3803057,0
3541,NP_418088.1,NP_418089.1,-1,-1,3805942,3807067,3807063,3808098,2156,1,3808098,3805942,0
3542,NP_418089.1,NP_418090.1,-1,1,3807063,3808098,3808539,3809817,2754,0,3809817,3807063,0
3548,NP_418095.4,NP_418096.4,-1,1,3811890,3812559,3812730,3813951,2061,0,3813951,3811890,0
3557,NP_418104.2,NP_418105.1,-1,1,3819487,3821170,3821427,3822051,2564,0,3822051,3819487,0
3563,NP_418110.1,NP_418111.1,-1,1,3827459,3828665,3828944,3830336,2877,0,3830336,3827459,0
3566,NP_418113.1,NP_418114.4,-1,-1,3832218,3834537,3834546,3835929,3711,1,3835929,3832218,0
3567,NP_418114.4,NP_418115.1,-1,1,3834546,3835929,3836952,3838137,3591,0,3838137,3834546,0
3575,NP_418120.2,NP_418121.1,-1,1,3842454,3843789,3843963,3845730,3276,0,3845730,3842454,0
3577,NP_418122.1,NP_418123.2,-1,-1,3845775,3847167,3847304,3848624,2849,0,3848624,3845775,0
3578,NP_418123.2,NP_418124.4,-1,-1,3847304,3848624,3848633,3850136,2832,1,3850136,3847304,0
3579,NP_418124.4,NP_418125.1,-1,-1,3848633,3850136,3850135,3850726,2093,1,3850726,3848633,0
3591,NP_418134.1,NP_418135.1,-1,-1,3856910,3858404,3858400,3860116,3206,1,3860116,3856910,0
3592,NP_418135.1,NP_418136.2,-1,1,3858400,3860116,3860282,3861176,2776,0,3861176,3858400,0
3595,YP_009518825.1,NP_418139.1,-1,1,3862496,3863603,3863898,3864615,2119,0,3864615,3862496,0
3597,NP_418140.4,NP_418141.2,-1,-1,3864611,3866273,3866468,3866897,2286,0,3866897,3864611,0
3601,NP_418144.3,NP_418145.2,-1,1,3868061,3869309,3869376,3870441,2380,0,3870441,3868061,0
3603,NP_418146.4,YP_026237.1,-1,-1,3870437,3871730,3871849,3872998,2561,1,3872998,3870437,0
3610,NP_418153.4,YP_026241.1,-1,-1,3877066,3877465,3877704,3880119,3053,0,3880119,3877066,0
3611,YP_026241.1,NP_418155.1,-1,-1,3877704,3880119,3880147,3881221,3517,0,3881221,3877704,0
3612,NP_418155.1,NP_418156.1,-1,-1,3880147,3881221,3881220,3882321,2174,1,3882321,3880147,0
3613,NP_418156.1,NP_418157.1,-1,-1,3881220,3882321,3882325,3883729,2509,1,3883729,3881220,0
3628,NP_418170.1,NP_418171.1,-1,1,3895271,3896609,3896773,3897439,2168,0,3897439,3895271,0
3633,NP_418175.3,NP_418176.1,-1,-1,3899407,3900577,3900603,3902220,2813,1,3902220,3899407,0
3634,NP_418176.1,NP_418177.1,-1,-1,3900603,3902220,3902288,3903701,3098,0,3903701,3900603,0
3635,NP_418177.1,NP_418178.1,-1,-1,3902288,3903701,3903719,3905597,3309,1,3905597,3902288,0
3636,NP_418178.1,NP_418179.1,-1,-1,3903719,3905597,3905730,3906567,2848,1,3906567,3903719,0
3641,NP_418183.1,NP_418184.1,-1,-1,3909438,3910398,3910484,3911525,2087,1,3911525,3909438,0
3642,NP_418184.1,NP_418185.1,-1,-1,3910484,3911525,3911838,3913668,3184,0,3913668,3910484,0
3643,NP_418185.1,NP_418186.1,-1,-1,3911838,3913668,3913829,3915200,3362,1,3915200,3911838,0
3644,NP_418186.1,NP_418187.1,-1,-1,3913829,3915200,3915552,3915972,2143,0,3915972,3913829,0
3646,NP_418188.1,NP_418189.1,-1,-1,3915992,3917375,3917401,3918265,2273,1,3918265,3915992,0
3647,NP_418189.1,NP_418190.1,-1,-1,3917401,3918265,3918315,3919857,2456,1,3919857,3917401,0
3648,NP_418190.1,NP_418191.1,-1,-1,3918315,3919857,3919869,3920403,2088,1,3920403,3918315,0
3654,NP_418196.1,NP_418197.1,-1,-1,3923056,3923680,3923743,3925633,2577,1,3925633,3923056,0
3655,NP_418197.1,NP_418198.1,-1,-1,3923743,3925633,3926011,3926455,2712,1,3926455,3923743,0
3659,YP_026243.1,NP_418202.4,-1,-1,3928151,3929603,3929596,3931093,2942,1,3931093,3928151,0
3660,NP_418202.4,YP_026244.1,-1,1,3929596,3931093,3931315,3933184,3588,0,3933184,3929596,0
3668,NP_418210.1,YP_026245.1,-1,-1,3939184,3940612,3940634,3941327,2143,1,3941327,3939184,0
3669,YP_026245.1,YP_026246.1,-1,-1,3940634,3941327,3947127,3947967,7333,0,3947967,3940634,0
3679,NP_418221.1,NP_418222.1,-1,1,3956926,3957820,3957969,3959445,2519,0,3959445,3956926,0
3681,NP_418223.1,YP_026251.1,-1,1,3959531,3959813,3960676,3962698,3167,0,3962698,3959531,0
3683,YP_026252.1,NP_418227.1,-1,-1,3962744,3964229,3964364,3965630,2886,0,3965630,3962744,0
3702,NP_418245.1,NP_418246.1,-1,-1,3984351,3986007,3986685,3987882,3531,0,3987882,3984351,0
3703,NP_418246.1,NP_418247.1,-1,-1,3986685,3987882,3987884,3989066,2381,1,3989066,3986685,0
3706,YP_026260.1,NP_418250.1,-1,1,3989824,3990766,3991152,3993699,3875,0,3993699,3989824,0
3730,NP_418272.1,NP_418273.1,-1,1,4011862,4012816,4013052,4015314,3452,0,4015314,4011862,0
3742,NP_418284.1,NP_418285.1,-1,1,4024332,4024821,4024987,4026481,2149,0,4026481,4024332,0
3745,YP_026272.1,NP_418288.1,-1,-1,4027608,4028772,4028781,4030971,3363,1,4030971,4027608,0
3746,NP_418288.1,NP_418289.1,-1,1,4028781,4030971,4031160,4032492,3711,0,4032492,4028781,0
3750,NP_418292.1,NP_418293.2,1,-1,4034607,4035153,4040905,4041433,5752,0,4035153,4040905,0
3757,NP_418299.1,NP_418300.1,-1,1,4045669,4046602,4046965,4049752,4083,0,4049752,4045669,0
3763,NP_418304.1,NP_418305.1,-1,-1,4053868,4055278,4055289,4056339,2471,1,4056339,4053868,0
3764,NP_418305.1,NP_418306.1,-1,-1,4055289,4056339,4056624,4058034,2745,1,4058034,4055289,0
3765,NP_418306.1,YP_026274.1,-1,1,4056624,4058034,4058406,4060230,3606,0,4060230,4056624,0
3770,NP_418311.1,YP_026275.1,-1,-1,4063602,4064295,4064362,4065766,2164,0,4065766,4063602,0
3771,YP_026275.1,NP_418313.4,-1,-1,4064362,4065766,4065808,4067194,2832,1,4067194,4064362,0
3772,NP_418313.4,NP_418314.1,-1,-1,4065808,4067194,4067239,4069276,3468,0,4069276,4065808,0
3773,NP_418314.1,NP_418315.3,-1,-1,4067239,4069276,4069474,4070401,3162,0,4070401,4067239,0
3774,NP_418315.3,NP_418316.4,-1,-1,4069474,4070401,4070514,4071756,2282,0,4071756,4069474,0
3775,NP_418316.4,NP_418317.1,-1,-1,4070514,4071756,4071772,4072651,2137,1,4072651,4070514,0
3788,NP_418329.1,NP_418330.1,-1,-1,4081856,4082759,4082771,4085822,3966,1,4085822,4081856,0
3789,NP_418330.1,NP_418331.1,-1,1,4082771,4085822,4086015,4086849,4078,0,4086849,4082771,0
3792,NP_418333.1,NP_418334.1,-1,-1,4088106,4089855,4089854,4090925,2819,1,4090925,4088106,0
3793,NP_418334.1,NP_418335.4,-1,-1,4089854,4090925,4090914,4092366,2512,1,4092366,4089854,0
3797,NP_418338.1,YP_026276.1,-1,-1,4093447,4094272,4094722,4095982,2535,1,4095982,4093447,0
3798,YP_026276.1,NP_418340.1,-1,-1,4094722,4095982,4095978,4097448,2726,1,4097448,4094722,0
3799,NP_418340.1,NP_418341.1,-1,1,4095978,4097448,4097735,4098572,2594,0,4098572,4095978,0
3806,NP_418347.1,NP_418348.1,-1,-1,4103601,4104975,4104971,4105670,2069,1,4105670,4103601,0
3819,NP_418360.1,NP_418361.1,-1,-1,4114568,4115579,4115713,4117222,2654,1,4117222,4114568,0
3820,NP_418361.1,NP_418362.1,-1,-1,4115713,4117222,4117244,4118090,2377,1,4118090,4115713,0
3824,NP_418365.1,NP_418366.1,-1,-1,4119422,4120349,4120415,4121747,2325,0,4121747,4119422,0
3827,NP_418368.1,NP_418369.1,-1,-1,4122379,4123339,4123430,4124456,2077,0,4124456,4122379,0
3828,NP_418369.1,NP_418370.1,-1,-1,4123430,4124456,4124611,4126810,3380,0,4126810,4123430,0
3829,NP_418370.1,NP_418371.1,-1,1,4124611,4126810,4127012,4127225,2614,0,4127225,4124611,0
3840,NP_418381.1,YP_026278.1,-1,-1,4139045,4139708,4139719,4142221,3176,1,4142221,4139045,0
3841,YP_026278.1,NP_418384.1,-1,1,4139719,4142221,4142529,4143609,3890,0,4143609,4139719,0
3847,NP_418389.1,NP_418390.1,-1,-1,4147465,4148317,4148531,4150265,2800,0,4150265,4147465,0
3848,NP_418390.1,NP_418391.1,-1,-1,4148531,4150265,4150446,4153098,4567,0,4153098,4148531,0
3849,NP_418391.1,NP_418392.1,-1,-1,4150446,4153098,4153695,4154847,4401,0,4154847,4150446,0
3850,NP_418392.1,NP_418393.1,-1,1,4153695,4154847,4155000,4156005,2310,0,4156005,4153695,0
3855,NP_418397.2,NP_418398.3,-1,1,4159389,4160790,4161066,4161771,2382,0,4161771,4159389,0
3858,NP_418400.1,NP_418401.1,-1,1,4162169,4163270,4163638,4165483,3314,0,4165483,4162169,0
3860,NP_418402.2,NP_418403.1,1,1,4165427,4166285,4172056,4173085,5771,0,4166285,4172056,0
3863,NP_418405.1,NP_418407.1,-1,1,4174075,4175026,4175943,4177128,3053,0,4177128,4174075,0
3878,NP_418421.1,NP_418422.1,-1,-1,4193568,4194204,4194203,4196099,2531,1,4196099,4193568,0
3879,NP_418422.1,NP_418423.1,-1,-1,4194203,4196099,4196331,4196808,2605,0,4196808,4194203,0
3887,NP_418430.2,NP_418431.1,-1,1,4201262,4201688,4201925,4203323,2061,0,4203323,4201262,0
3890,NP_418433.1,NP_418434.1,-1,-1,4204641,4205931,4205942,4207532,2891,1,4207532,4204641,0
3891,NP_418434.1,NP_418435.1,-1,1,4205942,4207532,4213233,4213617,7675,0,4213617,4205942,0
3898,NP_418441.1,NP_418442.2,-1,-1,4220300,4222487,4222803,4223628,3328,0,4223628,4220300,0
3899,NP_418442.2,NP_418443.1,-1,1,4222803,4223628,4223827,4227511,4708,0,4227511,4222803,0
3905,NP_418448.1,NP_418449.1,-1,1,4231883,4233233,4233757,4235407,3524,0,4235407,4231883,0
3913,NP_418455.1,NP_418456.1,-1,-1,4240778,4242254,4242625,4243516,2738,0,4243516,4240778,0
3914,NP_418456.1,NP_418457.1,-1,-1,4242625,4243516,4243530,4245075,2450,1,4245075,4242625,0
3915,NP_418457.1,NP_418458.1,-1,-1,4243530,4245075,4245228,4246419,2889,1,4246419,4243530,0
3916,NP_418458.1,NP_418459.1,-1,1,4245228,4246419,4246783,4247899,2671,0,4247899,4245228,0
3919,NP_418461.1,NP_418463.4,1,1,4249553,4250474,4252505,4253003,2031,0,4250474,4252505,0
3922,NP_418465.4,NP_418466.1,-1,1,4254042,4256466,4256636,4257005,2963,0,4257005,4254042,0
3932,NP_418475.1,NP_418476.1,-1,1,4263247,4264231,4264313,4265729,2482,0,4265729,4263247,0
3940,NP_418482.1,NP_418483.1,-1,1,4271048,4273871,4274124,4274661,3613,0,4274661,4271048,0
3942,NP_418484.4,NP_418485.1,-1,1,4274759,4275041,4275470,4277057,2298,0,4277057,4274759,0
3948,NP_418490.1,NP_418491.1,-1,-1,4281782,4283075,4283252,4284902,3120,0,4284902,4281782,0
3950,NP_418492.1,NP_418493.1,-1,-1,4284898,4285213,4285412,4287371,2473,1,4287371,4284898,0
3951,NP_418493.1,YP_010283918.1,-1,1,4285412,4287371,4287610,4287667,2255,0,4287667,4285412,0
3961,NP_418502.1,NP_418503.1,-1,-1,4296435,4297125,4297218,4299366,2931,0,4299366,4296435,0
3962,NP_418503.1,NP_418504.1,-1,-1,4297218,4299366,4299563,4301030,3812,0,4301030,4297218,0
3963,NP_418504.1,NP_418505.2,-1,-1,4299563,4301030,4301026,4303078,3515,1,4303078,4299563,0
3964,NP_418505.2,NP_418506.1,-1,-1,4301026,4303078,4303077,4304109,3083,1,4304109,4301026,0
3966,YP_001165334.1,NP_418507.2,-1,-1,4304127,4304403,4304611,4306597,2470,0,4306597,4304127,0
3967,NP_418507.2,NP_418508.1,-1,-1,4304611,4306597,4306869,4307799,3188,0,4307799,4304611,0
3970,NP_418510.1,NP_418511.1,-1,-1,4308488,4309469,4309447,4310980,2492,1,4310980,4308488,0
3971,NP_418511.1,NP_418512.1,-1,-1,4309447,4310980,4311106,4312042,2595,1,4312042,4309447,0
3986,NP_418526.1,NP_418529.1,-1,-1,4321696,4322422,4323335,4324352,2656,1,4324352,4321696,0
3990,NP_418532.1,NP_418533.1,-1,1,4326398,4326734,4327134,4329363,2965,0,4329363,4326398,0
3996,NP_418537.1,NP_418538.2,-1,-1,4333281,4333950,4333946,4335590,2309,0,4335590,4333281,0
3997,NP_418538.2,NP_418539.1,-1,-1,4333946,4335590,4335693,4337031,3085,0,4337031,4333946,0
3998,NP_418539.1,NP_418540.1,-1,-1,4335693,4337031,4337167,4337929,2236,0,4337929,4335693,0
3999,NP_418540.1,NP_418541.2,-1,-1,4337167,4337929,4338253,4340521,3354,0,4340521,4337167,0
4000,NP_418541.2,NP_418542.1,-1,-1,4338253,4340521,4340719,4341628,3375,0,4341628,4338253,0
4001,NP_418542.1,NP_418543.1,-1,1,4340719,4341628,4341910,4343266,2547,0,4343266,4340719,0
4004,NP_418545.1,NP_418546.1,-1,-1,4344928,4345558,4345679,4347326,2398,0,4347326,4344928,0
4005,NP_418546.1,NP_418547.1,-1,-1,4345679,4347326,4347403,4348744,3065,1,4348744,4345679,0
4006,NP_418547.1,NP_418548.1,-1,-1,4347403,4348744,4349314,4350034,2631,0,4350034,4347403,0
4007,NP_418548.1,NP_418549.1,-1,-1,4349314,4350034,4350030,4351662,2348,1,4351662,4349314,0
4008,NP_418549.1,NP_418550.1,-1,1,4350030,4351662,4351842,4352073,2043,0,4352073,4350030,0
4013,NP_418553.1,NP_418554.1,-1,-1,4353199,4354717,4354953,4356411,3212,0,4356411,4353199,0
4014,NP_418554.1,NP_418555.1,-1,-1,4354953,4356411,4356469,4358617,3664,0,4358617,4354953,0
4015,NP_418555.1,NP_418556.1,-1,-1,4356469,4358617,4358696,4360031,3562,1,4360031,4356469,0
4016,NP_418556.1,NP_418557.1,-1,-1,4358696,4360031,4360395,4361934,3238,0,4361934,4358696,0
4017,NP_418557.1,NP_418558.2,-1,-1,4360395,4361934,4362732,4363308,2913,0,4363308,4360395,0
4018,NP_418558.2,NP_418559.1,-1,-1,4362732,4363308,4363344,4365042,2310,1,4365042,4362732,0
4019,NP_418559.1,NP_418560.1,-1,-1,4363344,4365042,4365017,4365356,2012,0,4365356,4363344,0
4021,NP_418561.1,NP_418562.4,-1,-1,4365471,4366773,4366890,4368327,2856,1,4368327,4365471,0
4022,NP_418562.4,NP_418564.2,-1,1,4366890,4368327,4368663,4369140,2250,0,4369140,4366890,0
4028,NP_418569.1,NP_418570.1,-1,-1,4373364,4374234,4374628,4375657,2293,0,4375657,4373364,0
4038,NP_418577.1,NP_418578.1,-1,-1,4379782,4380517,4380509,4382318,2536,1,4382318,4379782,0
4039,NP_418578.1,NP_418579.2,-1,1,4380509,4382318,4382642,4383620,3111,0,4383620,4380509,0
4044,NP_418583.1,NP_418584.1,-1,-1,4386046,4389370,4389391,4390360,4314,1,4390360,4386046,0
4045,NP_418584.1,NP_418585.4,-1,-1,4389391,4390360,4390456,4391509,2118,0,4391509,4389391,0
4049,NP_418587.1,NP_418588.1,-1,1,4392927,4394067,4394065,4395613,2686,0,4395613,4392927,0
4075,NP_418613.2,NP_418614.4,-1,1,4418560,4419625,4419979,4421377,2817,0,4421377,4418560,0
4087,NP_418625.1,NP_418627.4,-1,-1,4426627,4427422,4428078,4428717,2090,0,4428717,4426627,0
4095,NP_418634.1,NP_418635.1,-1,1,4434621,4436565,4436754,4437495,2874,0,4437495,4434621,0
4100,NP_418639.1,NP_418640.1,-1,-1,4439871,4441215,4441537,4442176,2305,0,4442176,4439871,0
4101,NP_418640.1,NP_418641.1,-1,1,4441537,4442176,4442381,4444115,2578,0,4444115,4441537,0
4112,NP_418653.1,NP_418654.1,-1,1,4454610,4455609,4455784,4457158,2548,0,4457158,4454610,0
4116,NP_418658.1,NP_418659.1,-1,-1,4459899,4460364,4460521,4462660,2761,1,4462660,4459899,0
4117,NP_418659.1,NP_418660.1,-1,-1,4460521,4462660,4463053,4464709,4188,0,4464709,4460521,0
4118,NP_418660.1,NP_418661.1,-1,-1,4463053,4464709,4464758,4466180,3127,1,4466180,4463053,0
4119,NP_418661.1,NP_418662.1,-1,-1,4464758,4466180,4466298,4467246,2488,0,4467246,4464758,0
4136,NP_418679.1,NP_418680.1,-1,-1,4480981,4483837,4483836,4484280,3299,1,4484280,4480981,0
4137,NP_418680.1,NP_418681.1,-1,-1,4483836,4484280,4484439,4485951,2115,0,4485951,4483836,0
4143,NP_418684.1,NP_418685.1,-1,-1,4488560,4490063,4490140,4491139,2579,0,4491139,4488560,0
4144,NP_418685.1,NP_418686.1,-1,-1,4490140,4491139,4491205,4492525,2385,1,4492525,4490140,0
4145,NP_418686.1,NP_418687.1,-1,-1,4491205,4492525,4492586,4493351,2146,1,4493351,4491205,0
4149,NP_418690.4,YP_026163.2,-1,-1,4495189,4496209,2069814,2070180,2425009,0,2070180,4495189,2197
4150,YP_026163.2,NP_418693.1,-1,1,2069814,2070180,4498594,4499500,2429686,1,4499500,2069814,0
4153,NP_418698.1,NP_418699.4,-1,1,4502102,4503431,4504057,4505275,3173,0,4505275,4502102,0
4156,NP_418704.1,NP_418707.1,-1,-1,4507465,4508617,4510689,4511457,3992,0,4511457,4507465,0
4160,NP_418710.4,NP_418711.1,-1,-1,4513405,4514308,4514352,4516677,3272,1,4516677,4513405,0
4161,NP_418711.1,NP_418712.1,-1,-1,4514352,4516677,4516763,4517717,3365,0,4517717,4514352,0
4166,NP_418715.2,NP_418716.1,-1,-1,4519337,4520324,4520670,4522020,2683,0,4522020,4519337,0
4167,NP_418716.1,NP_418717.1,-1,-1,4520670,4522020,4522126,4524094,3424,0,4524094,4520670,0
4168,NP_418717.1,NP_418718.4,-1,-1,4522126,4524094,4524104,4525010,2884,1,4525010,4522126,0
4174,NP_418723.1,NP_418724.1,-1,-1,4528110,4528917,4528929,4530243,2133,1,4530243,4528110,0
4177,NP_418725.4,NP_418726.1,-1,-1,4530529,4531651,4532436,4533183,2654,0,4533183,4530529,0
4180,YP_588477.1,YP_010051216.1,-1,1,4533795,4534053,4536596,4536695,2900,0,4536695,4533795,0
4182,NP_418729.1,NP_418730.4,-1,-1,4536613,4537594,4537658,4538765,2152,1,4538765,4536613,0
4184,NP_418731.2,NP_418732.1,-1,1,4538784,4539501,4540956,4541559,2775,0,4541559,4538784,0
4194,NP_418741.1,NP_418742.1,-1,1,4549952,4551296,4551635,4552820,2868,0,4552820,4549952,0
4203,NP_418747.1,NP_418748.1,-1,-1,4557377,4558289,4558353,4559526,2149,0,4559526,4557377,0
4208,NP_418752.1,NP_418753.3,-1,-1,4561496,4562675,4562742,4563603,2107,0,4563603,4561496,0
4212,NP_418755.4,NP_418756.1,-1,-1,4564698,4565850,4565965,4567246,2548,0,4567246,4564698,0
4213,NP_418756.1,NP_418757.1,-1,-1,4565965,4567246,4567286,4568519,2554,1,4568519,4565965,0
4215,YP_010283920.1,NP_418760.1,-1,-1,4568691,4568727,4570161,4571574,2883,0,4571574,4568691,0
4218,YP_009518834.1,NP_418765.1,1,-1,4572413,4573931,4576911,4577958,2980,0,4573931,4576911,0
4219,NP_418765.1,NP_418766.4,-1,-1,4576911,4577958,4577957,4579337,2426,1,4579337,4576911,0
4223,NP_418768.1,NP_418769.1,-1,-1,4580067,4581462,4581458,4583048,2981,1,4583048,4580067,0
4224,NP_418769.1,NP_418770.2,-1,-1,4581458,4583048,4583248,4586761,5303,1,4586761,4581458,0
4225,NP_418770.2,NP_418771.1,-1,1,4583248,4586761,4586948,4587863,4615,0,4587863,4583248,0
4228,NP_418773.1,NP_418774.2,-1,-1,4588875,4589079,4589128,4591279,2404,0,4591279,4588875,0
4229,NP_418774.2,NP_418775.1,-1,1,4589128,4591279,4591656,4593312,4184,0,4593312,4589128,0
4231,NP_418776.1,YP_026290.1,-1,-1,4593360,4594722,4594936,4595851,2491,0,4595851,4593360,0
4232,YP_026290.1,NP_418778.4,-1,1,4594936,4595851,4595989,4597012,2076,0,4597012,4594936,0
4234,NP_418779.2,NP_418780.2,-1,-1,4597149,4599441,4599694,4600189,3040,0,4600189,4597149,0
4239,NP_418784.4,NP_418785.1,-1,1,4602087,4602858,4603476,4604202,2115,0,4604202,4602087,0
4253,NP_418796.1,NP_418797.1,-1,-1,4614679,4615543,4615514,4617065,2386,0,4617065,4614679,0
4254,NP_418797.1,NP_418798.1,-1,1,4615514,4617065,4617322,4618102,2588,0,4618102,4615514,0
4265,NP_418808.1,NP_418809.4,-1,1,4628854,4630522,4630732,4632670,3816,0,4632670,4628854,0
